date,hour,forecast_load_mw
2024-01-01,0,27032
2024-01-01,1,26262
2024-01-01,2,25874
2024-01-01,3,25731
2024-01-01,4,25827
2024-01-01,5,26384
2024-01-01,6,27248
2024-01-01,7,28041
2024-01-01,8,28474
2024-01-01,9,28672
2024-01-01,10,28614
2024-01-01,11,28664
2024-01-01,12,28720
2024-01-01,13,28760
2024-01-01,14,29048
2024-01-01,15,29776
2024-01-01,16,31498
2024-01-01,17,33204
2024-01-01,18,33212
2024-01-01,19,32943
2024-01-01,20,32674
2024-01-01,21,31846
2024-01-01,22,30435
2024-01-01,23,28914
2024-01-02,0,28288
2024-01-02,1,27812
2024-01-02,2,27617
2024-01-02,3,27777
2024-01-02,4,28373
2024-01-02,5,30225
2024-01-02,6,32783
2024-01-02,7,34597
2024-01-02,8,34428
2024-01-02,9,33258
2024-01-02,10,32232
2024-01-02,11,31426
2024-01-02,12,30967
2024-01-02,13,30724
2024-01-02,14,30902
2024-01-02,15,31659
2024-01-02,16,33412
2024-01-02,17,35866
2024-01-02,18,36254
2024-01-02,19,36008
2024-01-02,20,35511
2024-01-02,21,34520
2024-01-02,22,32750
2024-01-02,23,31090
2024-01-03,0,29236
2024-01-03,1,28692
2024-01-03,2,28420
2024-01-03,3,28556
2024-01-03,4,29451
2024-01-03,5,31125
2024-01-03,6,34006
2024-01-03,7,35578
2024-01-03,8,35169
2024-01-03,9,33801
2024-01-03,10,32645
2024-01-03,11,31813
2024-01-03,12,31390
2024-01-03,13,31266
2024-01-03,14,31410
2024-01-03,15,32121
2024-01-03,16,33550
2024-01-03,17,35815
2024-01-03,18,36132
2024-01-03,19,35776
2024-01-03,20,35116
2024-01-03,21,33973
2024-01-03,22,32084
2024-01-03,23,30371
2024-01-04,0,29457
2024-01-04,1,28685
2024-01-04,2,28352
2024-01-04,3,28465
2024-01-04,4,29152
2024-01-04,5,31165
2024-01-04,6,33920
2024-01-04,7,35684
2024-01-04,8,35332
2024-01-04,9,34304
2024-01-04,10,33436
2024-01-04,11,32805
2024-01-04,12,32373
2024-01-04,13,32226
2024-01-04,14,32415
2024-01-04,15,33314
2024-01-04,16,34979
2024-01-04,17,37246
2024-01-04,18,37665
2024-01-04,19,37516
2024-01-04,20,37189
2024-01-04,21,36277
2024-01-04,22,34586
2024-01-04,23,32890
2024-01-05,0,31549
2024-01-05,1,30897
2024-01-05,2,30795
2024-01-05,3,30970
2024-01-05,4,31716
2024-01-05,5,33474
2024-01-05,6,36063
2024-01-05,7,37602
2024-01-05,8,37207
2024-01-05,9,35871
2024-01-05,10,34511
2024-01-05,11,33554
2024-01-05,12,32886
2024-01-05,13,32625
2024-01-05,14,32812
2024-01-05,15,33578
2024-01-05,16,35322
2024-01-05,17,37190
2024-01-05,18,37328
2024-01-05,19,36967
2024-01-05,20,36493
2024-01-05,21,35714
2024-01-05,22,34337
2024-01-05,23,32873
2024-01-06,0,31394
2024-01-06,1,30498
2024-01-06,2,30027
2024-01-06,3,29866
2024-01-06,4,30104
2024-01-06,5,30839
2024-01-06,6,31852
2024-01-06,7,32988
2024-01-06,8,33917
2024-01-06,9,34348
2024-01-06,10,34408
2024-01-06,11,34301
2024-01-06,12,34170
2024-01-06,13,34028
2024-01-06,14,33970
2024-01-06,15,34199
2024-01-06,16,35238
2024-01-06,17,36357
2024-01-06,18,36081
2024-01-06,19,35428
2024-01-06,20,34590
2024-01-06,21,33556
2024-01-06,22,32110
2024-01-06,23,30397
2024-01-07,0,28764
2024-01-07,1,27892
2024-01-07,2,27371
2024-01-07,3,27142
2024-01-07,4,27292
2024-01-07,5,27876
2024-01-07,6,28845
2024-01-07,7,29811
2024-01-07,8,30601
2024-01-07,9,31007
2024-01-07,10,30970
2024-01-07,11,30875
2024-01-07,12,30699
2024-01-07,13,30468
2024-01-07,14,30527
2024-01-07,15,31281
2024-01-07,16,33177
2024-01-07,17,35011
2024-01-07,18,35347
2024-01-07,19,35163
2024-01-07,20,34635
2024-01-07,21,33559
2024-01-07,22,32097
2024-01-07,23,30634
2024-01-08,0,28375
2024-01-08,1,27792
2024-01-08,2,27585
2024-01-08,3,27722
2024-01-08,4,28549
2024-01-08,5,30472
2024-01-08,6,33259
2024-01-08,7,35078
2024-01-08,8,34729
2024-01-08,9,33715
2024-01-08,10,32603
2024-01-08,11,32002
2024-01-08,12,31708
2024-01-08,13,31628
2024-01-08,14,31809
2024-01-08,15,32572
2024-01-08,16,33986
2024-01-08,17,36454
2024-01-08,18,36743
2024-01-08,19,36497
2024-01-08,20,35832
2024-01-08,21,34654
2024-01-08,22,32923
2024-01-08,23,31280
2024-01-09,0,29822
2024-01-09,1,29060
2024-01-09,2,28543
2024-01-09,3,28568
2024-01-09,4,29335
2024-01-09,5,31014
2024-01-09,6,33467
2024-01-09,7,35265
2024-01-09,8,35518
2024-01-09,9,35377
2024-01-09,10,35293
2024-01-09,11,35175
2024-01-09,12,34953
2024-01-09,13,34763
2024-01-09,14,34528
2024-01-09,15,34544
2024-01-09,16,35120
2024-01-09,17,35651
2024-01-09,18,34821
2024-01-09,19,33928
2024-01-09,20,32686
2024-01-09,21,31107
2024-01-09,22,28921
2024-01-09,23,26800
2024-01-10,0,25335
2024-01-10,1,24615
2024-01-10,2,24261
2024-01-10,3,24293
2024-01-10,4,24931
2024-01-10,5,26769
2024-01-10,6,29598
2024-01-10,7,31720
2024-01-10,8,31961
2024-01-10,9,31474
2024-01-10,10,31051
2024-01-10,11,30836
2024-01-10,12,30710
2024-01-10,13,30792
2024-01-10,14,30968
2024-01-10,15,31578
2024-01-10,16,32830
2024-01-10,17,34656
2024-01-10,18,34879
2024-01-10,19,34455
2024-01-10,20,33665
2024-01-10,21,32376
2024-01-10,22,30738
2024-01-10,23,29075
2024-01-11,0,27276
2024-01-11,1,26679
2024-01-11,2,26450
2024-01-11,3,26638
2024-01-11,4,27532
2024-01-11,5,29394
2024-01-11,6,32331
2024-01-11,7,34065
2024-01-11,8,33626
2024-01-11,9,32584
2024-01-11,10,31551
2024-01-11,11,30761
2024-01-11,12,30314
2024-01-11,13,30185
2024-01-11,14,30315
2024-01-11,15,30958
2024-01-11,16,32442
2024-01-11,17,34532
2024-01-11,18,34611
2024-01-11,19,34250
2024-01-11,20,33652
2024-01-11,21,32425
2024-01-11,22,30632
2024-01-11,23,28947
2024-01-12,0,27986
2024-01-12,1,27345
2024-01-12,2,27118
2024-01-12,3,27275
2024-01-12,4,28123
2024-01-12,5,29934
2024-01-12,6,32568
2024-01-12,7,34261
2024-01-12,8,34268
2024-01-12,9,33586
2024-01-12,10,32876
2024-01-12,11,32399
2024-01-12,12,32151
2024-01-12,13,32109
2024-01-12,14,32104
2024-01-12,15,32521
2024-01-12,16,33601
2024-01-12,17,34761
2024-01-12,18,34184
2024-01-12,19,33185
2024-01-12,20,32227
2024-01-12,21,30921
2024-01-12,22,29372
2024-01-12,23,27688
2024-01-13,0,26122
2024-01-13,1,25084
2024-01-13,2,24499
2024-01-13,3,24168
2024-01-13,4,24178
2024-01-13,5,24890
2024-01-13,6,26125
2024-01-13,7,27558
2024-01-13,8,28935
2024-01-13,9,29988
2024-01-13,10,30136
2024-01-13,11,30392
2024-01-13,12,30555
2024-01-13,13,30684
2024-01-13,14,30927
2024-01-13,15,31600
2024-01-13,16,32734
2024-01-13,17,34405
2024-01-13,18,34588
2024-01-13,19,33936
2024-01-13,20,33422
2024-01-13,21,32673
2024-01-13,22,31510
2024-01-13,23,30169
2024-01-14,0,28834
2024-01-14,1,28073
2024-01-14,2,27691
2024-01-14,3,27663
2024-01-14,4,27990
2024-01-14,5,28737
2024-01-14,6,29782
2024-01-14,7,30593
2024-01-14,8,30878
2024-01-14,9,30672
2024-01-14,10,30496
2024-01-14,11,30465
2024-01-14,12,30677
2024-01-14,13,31060
2024-01-14,14,31979
2024-01-14,15,33530
2024-01-14,16,35478
2024-01-14,17,38525
2024-01-14,18,38838
2024-01-14,19,38674
2024-01-14,20,38075
2024-01-14,21,37027
2024-01-14,22,35431
2024-01-14,23,33894
2024-01-15,0,32313
2024-01-15,1,31822
2024-01-15,2,31712
2024-01-15,3,31968
2024-01-15,4,32771
2024-01-15,5,34877
2024-01-15,6,37795
2024-01-15,7,39553
2024-01-15,8,39385
2024-01-15,9,38956
2024-01-15,10,38349
2024-01-15,11,38023
2024-01-15,12,37861
2024-01-15,13,37736
2024-01-15,14,37722
2024-01-15,15,38267
2024-01-15,16,39653
2024-01-15,17,42023
2024-01-15,18,41917
2024-01-15,19,41029
2024-01-15,20,39696
2024-01-15,21,38144
2024-01-15,22,36054
2024-01-15,23,34088
2024-01-16,0,32640
2024-01-16,1,31942
2024-01-16,2,31718
2024-01-16,3,31831
2024-01-16,4,32592
2024-01-16,5,34715
2024-01-16,6,37922
2024-01-16,7,39695
2024-01-16,8,40166
2024-01-16,9,40151
2024-01-16,10,40033
2024-01-16,11,39842
2024-01-16,12,39636
2024-01-16,13,39470
2024-01-16,14,39411
2024-01-16,15,39770
2024-01-16,16,40858
2024-01-16,17,42620
2024-01-16,18,43068
2024-01-16,19,42452
2024-01-16,20,41043
2024-01-16,21,39757
2024-01-16,22,37906
2024-01-16,23,36002
2024-01-17,0,35595
2024-01-17,1,35162
2024-01-17,2,35078
2024-01-17,3,35403
2024-01-17,4,36701
2024-01-17,5,38886
2024-01-17,6,42293
2024-01-17,7,44163
2024-01-17,8,43374
2024-01-17,9,41464
2024-01-17,10,39854
2024-01-17,11,38753
2024-01-17,12,37981
2024-01-17,13,37660
2024-01-17,14,37740
2024-01-17,15,38530
2024-01-17,16,40349
2024-01-17,17,42536
2024-01-17,18,43101
2024-01-17,19,42566
2024-01-17,20,41891
2024-01-17,21,40575
2024-01-17,22,38684
2024-01-17,23,36665
2024-01-18,0,35717
2024-01-18,1,35152
2024-01-18,2,35014
2024-01-18,3,35325
2024-01-18,4,36311
2024-01-18,5,38417
2024-01-18,6,41300
2024-01-18,7,43148
2024-01-18,8,42284
2024-01-18,9,40791
2024-01-18,10,39496
2024-01-18,11,38290
2024-01-18,12,37490
2024-01-18,13,36890
2024-01-18,14,36415
2024-01-18,15,36680
2024-01-18,16,38272
2024-01-18,17,39984
2024-01-18,18,40686
2024-01-18,19,40198
2024-01-18,20,39377
2024-01-18,21,38012
2024-01-18,22,35813
2024-01-18,23,34045
2024-01-19,0,33032
2024-01-19,1,32333
2024-01-19,2,31935
2024-01-19,3,32016
2024-01-19,4,32680
2024-01-19,5,34586
2024-01-19,6,37147
2024-01-19,7,39503
2024-01-19,8,39900
2024-01-19,9,39665
2024-01-19,10,39440
2024-01-19,11,39092
2024-01-19,12,38668
2024-01-19,13,38343
2024-01-19,14,38110
2024-01-19,15,38046
2024-01-19,16,38790
2024-01-19,17,40229
2024-01-19,18,40408
2024-01-19,19,39885
2024-01-19,20,38923
2024-01-19,21,37994
2024-01-19,22,36491
2024-01-19,23,35319
2024-01-20,0,33807
2024-01-20,1,33205
2024-01-20,2,33063
2024-01-20,3,33175
2024-01-20,4,33692
2024-01-20,5,34910
2024-01-20,6,36477
2024-01-20,7,37923
2024-01-20,8,38886
2024-01-20,9,38998
2024-01-20,10,38874
2024-01-20,11,38664
2024-01-20,12,38446
2024-01-20,13,38161
2024-01-20,14,37996
2024-01-20,15,38362
2024-01-20,16,39285
2024-01-20,17,40824
2024-01-20,18,41481
2024-01-20,19,41245
2024-01-20,20,40568
2024-01-20,21,39634
2024-01-20,22,38438
2024-01-20,23,37085
2024-01-21,4,34854
2024-01-21,5,35361
2024-01-21,6,36331
2024-01-21,7,37648
2024-01-21,8,38707
2024-01-21,9,38469
2024-01-21,10,37683
2024-01-21,11,37174
2024-01-21,12,36657
2024-01-21,13,36109
2024-01-21,14,35926
2024-01-21,15,35951
2024-01-21,16,37210
2024-01-21,17,39275
2024-01-21,18,40563
2024-01-21,19,40643
2024-01-21,20,40239
2024-01-21,21,38945
2024-01-21,22,37278
2024-01-21,23,35739
2024-01-22,0,34914
2024-01-22,1,34592
2024-01-22,2,34556
2024-01-22,3,34967
2024-01-22,4,35921
2024-01-22,5,37937
2024-01-22,6,40443
2024-01-22,7,41927
2024-01-22,8,41486
2024-01-22,9,40037
2024-01-22,10,38794
2024-01-22,11,37703
2024-01-22,12,36884
2024-01-22,13,36395
2024-01-22,14,36240
2024-01-22,15,36516
2024-01-22,16,37421
2024-01-22,17,39131
2024-01-22,18,39892
2024-01-22,19,39573
2024-01-22,20,38776
2024-01-22,21,37374
2024-01-22,22,35467
2024-01-22,23,33716
2024-01-23,0,32146
2024-01-23,1,31514
2024-01-23,2,31225
2024-01-23,3,31176
2024-01-23,4,31940
2024-01-23,5,33705
2024-01-23,6,36379
2024-01-23,7,37915
2024-01-23,8,38084
2024-01-23,9,37704
2024-01-23,10,37139
2024-01-23,11,36686
2024-01-23,12,36315
2024-01-23,13,35935
2024-01-23,14,35519
2024-01-23,15,35498
2024-01-23,16,36079
2024-01-23,17,37637
2024-01-23,18,37613
2024-01-23,19,37142
2024-01-23,20,36316
2024-01-23,21,35014
2024-01-23,22,33098
2024-01-23,23,31519
2024-01-24,0,30217
2024-01-24,1,29384
2024-01-24,2,29019
2024-01-24,3,28986
2024-01-24,4,29501
2024-01-24,5,31318
2024-01-24,6,33892
2024-01-24,7,35606
2024-01-24,8,35918
2024-01-24,9,35788
2024-01-24,10,35498
2024-01-24,11,35355
2024-01-24,12,35227
2024-01-24,13,35147
2024-01-24,14,35014
2024-01-24,15,35102
2024-01-24,16,35818
2024-01-24,17,36932
2024-01-24,18,36419
2024-01-24,19,35681
2024-01-24,20,34792
2024-01-24,21,33469
2024-01-24,22,31496
2024-01-24,23,29683
2024-01-25,0,26743
2024-01-25,1,25767
2024-01-25,2,25287
2024-01-25,3,25087
2024-01-25,4,25655
2024-01-25,5,27359
2024-01-25,6,29587
2024-01-25,7,31097
2024-01-25,8,31814
2024-01-25,9,31910
2024-01-25,10,31953
2024-01-25,11,31905
2024-01-25,12,31788
2024-01-25,13,31703
2024-01-25,14,31586
2024-01-25,15,31708
2024-01-25,16,32324
2024-01-25,17,33303
2024-01-25,18,32804
2024-01-25,19,32134
2024-01-25,20,31300
2024-01-25,21,30012
2024-01-25,22,28322
2024-01-25,23,26534
2024-01-26,0,24914
2024-01-26,1,24049
2024-01-26,2,23609
2024-01-26,3,23531
2024-01-26,4,24047
2024-01-26,5,25442
2024-01-26,6,28049
2024-01-26,7,29678
2024-01-26,8,30355
2024-01-26,9,30131
2024-01-26,10,29850
2024-01-26,11,29589
2024-01-26,12,29357
2024-01-26,13,29274
2024-01-26,14,29278
2024-01-26,15,29524
2024-01-26,16,30502
2024-01-26,17,31651
2024-01-26,18,31230
2024-01-26,19,30603
2024-01-26,20,29801
2024-01-26,21,28740
2024-01-26,22,27309
2024-01-26,23,25847
2024-01-27,0,24259
2024-01-27,1,23460
2024-01-27,2,23024
2024-01-27,3,22881
2024-01-27,4,23222
2024-01-27,5,23934
2024-01-27,6,25086
2024-01-27,7,26279
2024-01-27,8,27404
2024-01-27,9,27876
2024-01-27,10,27996
2024-01-27,11,27710
2024-01-27,12,27356
2024-01-27,13,27216
2024-01-27,14,27222
2024-01-27,15,27565
2024-01-27,16,28626
2024-01-27,17,30007
2024-01-27,18,30387
2024-01-27,19,29852
2024-01-27,20,29152
2024-01-27,21,28160
2024-01-27,22,27051
2024-01-27,23,25810
2024-01-28,0,25235
2024-01-28,1,24494
2024-01-28,2,24068
2024-01-28,3,23969
2024-01-28,4,24265
2024-01-28,5,24832
2024-01-28,6,25796
2024-01-28,7,26941
2024-01-28,8,28294
2024-01-28,9,29481
2024-01-28,10,30419
2024-01-28,11,31115
2024-01-28,12,31675
2024-01-28,13,31934
2024-01-28,14,32091
2024-01-28,15,32348
2024-01-28,16,33173
2024-01-28,17,34457
2024-01-28,18,33965
2024-01-28,19,33140
2024-01-28,20,32381
2024-01-28,21,31211
2024-01-28,22,29692
2024-01-28,23,28088
2024-01-29,0,27139
2024-01-29,1,26502
2024-01-29,2,26198
2024-01-29,3,26323
2024-01-29,4,27077
2024-01-29,5,28962
2024-01-29,6,31655
2024-01-29,7,33509
2024-01-29,8,33949
2024-01-29,9,33810
2024-01-29,10,33652
2024-01-29,11,33488
2024-01-29,12,33314
2024-01-29,13,33195
2024-01-29,14,33096
2024-01-29,15,33484
2024-01-29,16,34613
2024-01-29,17,36344
2024-01-29,18,36516
2024-01-29,19,36016
2024-01-29,20,35253
2024-01-29,21,34018
2024-01-29,22,32135
2024-01-29,23,30486
2024-01-30,0,29624
2024-01-30,1,29051
2024-01-30,2,28855
2024-01-30,3,29051
2024-01-30,4,29651
2024-01-30,5,31632
2024-01-30,6,34588
2024-01-30,7,36324
2024-01-30,8,36022
2024-01-30,9,35260
2024-01-30,10,34594
2024-01-30,11,34065
2024-01-30,12,33688
2024-01-30,13,33429
2024-01-30,14,33399
2024-01-30,15,33838
2024-01-30,16,35102
2024-01-30,17,37038
2024-01-30,18,36939
2024-01-30,19,36412
2024-01-30,20,35608
2024-01-30,21,34355
2024-01-30,22,32452
2024-01-30,23,30692
2024-01-31,0,29355
2024-01-31,1,28585
2024-01-31,2,28263
2024-01-31,3,28262
2024-01-31,4,28857
2024-01-31,5,30675
2024-01-31,6,33424
2024-01-31,7,35111
2024-01-31,8,35324
2024-01-31,9,34991
2024-01-31,10,34493
2024-01-31,11,34097
2024-01-31,12,33758
2024-01-31,13,33555
2024-01-31,14,33413
2024-01-31,15,33553
2024-01-31,16,34374
2024-01-31,17,35933
2024-01-31,18,35905
2024-01-31,19,35336
2024-01-31,20,34545
2024-01-31,21,33239
2024-01-31,22,31471
2024-01-31,23,29661
2024-02-01,0,28796
2024-02-01,1,28217
2024-02-01,2,28066
2024-02-01,3,28215
2024-02-01,4,29180
2024-02-01,5,30989
2024-02-01,6,33758
2024-02-01,7,35295
2024-02-01,8,34972
2024-02-01,9,33831
2024-02-01,10,32798
2024-02-01,11,31971
2024-02-01,12,31351
2024-02-01,13,30971
2024-02-01,14,30848
2024-02-01,15,31128
2024-02-01,16,32265
2024-02-01,17,33633
2024-02-01,18,33925
2024-02-01,19,33678
2024-02-01,20,33033
2024-02-01,21,31815
2024-02-01,22,30109
2024-02-01,23,28414
2024-02-02,0,27528
2024-02-02,1,26823
2024-02-02,2,26527
2024-02-02,3,26620
2024-02-02,4,27141
2024-02-02,5,28953
2024-02-02,6,31729
2024-02-02,7,33666
2024-02-02,8,33605
2024-02-02,9,33126
2024-02-02,10,32676
2024-02-02,11,32196
2024-02-02,12,31802
2024-02-02,13,31596
2024-02-02,14,31501
2024-02-02,15,31852
2024-02-02,16,32903
2024-02-02,17,34582
2024-02-02,18,34564
2024-02-02,19,33989
2024-02-02,20,33103
2024-02-02,21,32082
2024-02-02,22,30664
2024-02-02,23,29250
2024-02-03,0,28121
2024-02-03,1,27471
2024-02-03,2,27176
2024-02-03,3,27205
2024-02-03,4,27519
2024-02-03,5,28434
2024-02-03,6,29702
2024-02-03,7,30791
2024-02-03,8,31258
2024-02-03,9,30993
2024-02-03,10,30156
2024-02-03,11,29425
2024-02-03,12,28845
2024-02-03,13,28434
2024-02-03,14,28359
2024-02-03,15,28773
2024-02-03,16,29931
2024-02-03,17,31584
2024-02-03,18,32297
2024-02-03,19,32284
2024-02-03,20,31965
2024-02-03,21,31272
2024-02-03,22,30164
2024-02-03,23,28909
2024-02-04,0,28235
2024-02-04,1,27722
2024-02-04,2,27472
2024-02-04,3,27532
2024-02-04,4,27930
2024-02-04,5,28698
2024-02-04,6,29735
2024-02-04,7,30521
2024-02-04,8,30512
2024-02-04,9,29567
2024-02-04,10,28452
2024-02-04,11,27660
2024-02-04,12,27177
2024-02-04,13,26938
2024-02-04,14,26956
2024-02-04,15,27349
2024-02-04,16,28857
2024-02-04,17,31083
2024-02-04,18,32130
2024-02-04,19,32436
2024-02-04,20,32304
2024-02-04,21,31477
2024-02-04,22,30227
2024-02-04,23,28882
2024-02-05,0,28120
2024-02-05,1,27694
2024-02-05,2,27639
2024-02-05,3,28067
2024-02-05,4,29164
2024-02-05,5,31261
2024-02-05,6,34392
2024-02-05,7,35880
2024-02-05,8,34939
2024-02-05,9,33305
2024-02-05,10,31829
2024-02-05,11,30731
2024-02-05,12,30124
2024-02-05,13,29888
2024-02-05,14,29843
2024-02-05,15,30279
2024-02-05,16,31700
2024-02-05,17,34189
2024-02-05,18,34867
2024-02-05,19,34844
2024-02-05,20,34404
2024-02-05,21,33274
2024-02-05,22,31638
2024-02-05,23,30081
2024-02-06,0,29468
2024-02-06,1,29086
2024-02-06,2,29010
2024-02-06,3,29311
2024-02-06,4,30295
2024-02-06,5,32579
2024-02-06,6,35601
2024-02-06,7,37258
2024-02-06,8,36195
2024-02-06,9,34374
2024-02-06,10,32966
2024-02-06,11,31968
2024-02-06,12,31357
2024-02-06,13,31018
2024-02-06,14,30897
2024-02-06,15,31257
2024-02-06,16,32499
2024-02-06,17,34929
2024-02-06,18,36137
2024-02-06,19,36055
2024-02-06,20,35548
2024-02-06,21,34477
2024-02-06,22,32639
2024-02-06,23,31068
2024-02-07,0,30371
2024-02-07,1,29925
2024-02-07,2,29763
2024-02-07,3,30033
2024-02-07,4,30947
2024-02-07,5,32886
2024-02-07,6,35787
2024-02-07,7,37180
2024-02-07,8,35897
2024-02-07,9,33817
2024-02-07,10,31921
2024-02-07,11,30401
2024-02-07,12,29527
2024-02-07,13,29088
2024-02-07,14,29003
2024-02-07,15,29511
2024-02-07,16,30974
2024-02-07,17,33642
2024-02-07,18,34741
2024-02-07,19,34710
2024-02-07,20,34273
2024-02-07,21,33203
2024-02-07,22,31513
2024-02-07,23,29954
2024-02-08,0,29285
2024-02-08,1,28748
2024-02-08,2,28690
2024-02-08,3,28970
2024-02-08,4,29890
2024-02-08,5,32044
2024-02-08,6,35046
2024-02-08,7,36502
2024-02-08,8,35475
2024-02-08,9,33693
2024-02-08,10,31548
2024-02-08,11,30251
2024-02-08,12,29425
2024-02-08,13,29018
2024-02-08,14,28932
2024-02-08,15,29374
2024-02-08,16,30691
2024-02-08,17,32767
2024-02-08,18,33525
2024-02-08,19,33414
2024-02-08,20,32823
2024-02-08,21,31781
2024-02-08,22,30006
2024-02-08,23,28501
2024-02-09,0,27343
2024-02-09,1,26872
2024-02-09,2,26649
2024-02-09,3,26845
2024-02-09,4,27441
2024-02-09,5,29312
2024-02-09,6,32045
2024-02-09,7,33486
2024-02-09,8,32731
2024-02-09,9,31383
2024-02-09,10,30008
2024-02-09,11,29032
2024-02-09,12,28307
2024-02-09,13,28032
2024-02-09,14,27947
2024-02-09,15,28248
2024-02-09,16,29174
2024-02-09,17,30629
2024-02-09,18,31039
2024-02-09,19,30837
2024-02-09,20,30342
2024-02-09,21,29508
2024-02-09,22,28112
2024-02-09,23,26605
2024-02-10,0,25356
2024-02-10,1,24608
2024-02-10,2,24171
2024-02-10,3,24048
2024-02-10,4,24316
2024-02-10,5,25055
2024-02-10,6,26249
2024-02-10,7,27242
2024-02-10,8,27725
2024-02-10,9,27524
2024-02-10,10,27056
2024-02-10,11,26521
2024-02-10,12,26037
2024-02-10,13,25692
2024-02-10,14,25594
2024-02-10,15,25888
2024-02-10,16,26906
2024-02-10,17,28222
2024-02-10,18,28652
2024-02-10,19,28413
2024-02-10,20,27971
2024-02-10,21,27190
2024-02-10,22,26084
2024-02-10,23,24876
2024-02-11,0,23847
2024-02-11,1,23065
2024-02-11,2,22612
2024-02-11,3,22413
2024-02-11,4,22596
2024-02-11,5,23185
2024-02-11,6,24213
2024-02-11,7,25396
2024-02-11,8,26331
2024-02-11,9,26814
2024-02-11,10,27118
2024-02-11,11,27169
2024-02-11,12,27150
2024-02-11,13,27107
2024-02-11,14,27228
2024-02-11,15,27583
2024-02-11,16,28824
2024-02-11,17,30551
2024-02-11,18,31175
2024-02-11,19,30292
2024-02-11,20,30008
2024-02-11,21,29243
2024-02-11,22,27923
2024-02-11,23,26756
2024-02-12,0,25241
2024-02-12,1,24683
2024-02-12,2,24539
2024-02-12,3,24718
2024-02-12,4,25534
2024-02-12,5,27502
2024-02-12,6,30428
2024-02-12,7,32621
2024-02-12,8,32266
2024-02-12,9,31279
2024-02-12,10,30408
2024-02-12,11,29699
2024-02-12,12,29176
2024-02-12,13,29098
2024-02-12,14,29099
2024-02-12,15,29494
2024-02-12,16,30745
2024-02-12,17,32751
2024-02-12,18,33277
2024-02-12,19,33009
2024-02-12,20,32203
2024-02-12,21,30939
2024-02-12,22,29193
2024-02-12,23,27555
2024-02-13,0,26710
2024-02-13,1,26129
2024-02-13,2,25849
2024-02-13,3,26004
2024-02-13,4,26825
2024-02-13,5,28747
2024-02-13,6,31708
2024-02-13,7,33637
2024-02-13,8,33934
2024-02-13,9,33727
2024-02-13,10,33506
2024-02-13,11,32988
2024-02-13,12,32589
2024-02-13,13,32320
2024-02-13,14,32195
2024-02-13,15,32352
2024-02-13,16,33070
2024-02-13,17,34769
2024-02-13,18,35649
2024-02-13,19,35318
2024-02-13,20,34497
2024-02-13,21,33402
2024-02-13,22,31721
2024-02-13,23,30119
2024-02-14,0,29524
2024-02-14,1,28983
2024-02-14,2,28752
2024-02-14,3,28905
2024-02-14,4,29466
2024-02-14,5,31391
2024-02-14,6,34474
2024-02-14,7,36851
2024-02-14,8,36262
2024-02-14,9,34964
2024-02-14,10,33515
2024-02-14,11,32494
2024-02-14,12,31871
2024-02-14,13,31549
2024-02-14,14,31516
2024-02-14,15,32170
2024-02-14,16,33287
2024-02-14,17,35503
2024-02-14,18,36898
2024-02-14,19,37072
2024-02-14,20,36658
2024-02-14,21,35584
2024-02-14,22,33912
2024-02-14,23,32373
2024-02-15,0,31624
2024-02-15,1,31124
2024-02-15,2,30982
2024-02-15,3,31188
2024-02-15,4,31818
2024-02-15,5,33718
2024-02-15,6,36961
2024-02-15,7,38662
2024-02-15,8,37666
2024-02-15,9,36085
2024-02-15,10,34311
2024-02-15,11,33056
2024-02-15,12,32256
2024-02-15,13,31868
2024-02-15,14,31684
2024-02-15,15,31904
2024-02-15,16,32952
2024-02-15,17,34525
2024-02-15,18,35276
2024-02-15,19,35057
2024-02-15,20,34344
2024-02-15,21,33061
2024-02-15,22,31239
2024-02-15,23,29539
2024-02-16,0,28555
2024-02-16,1,27979
2024-02-16,2,27755
2024-02-16,3,27926
2024-02-16,4,28709
2024-02-16,5,30604
2024-02-16,6,33766
2024-02-16,7,35242
2024-02-16,8,34508
2024-02-16,9,33377
2024-02-16,10,32268
2024-02-16,11,31457
2024-02-16,12,30922
2024-02-16,13,30720
2024-02-16,14,30630
2024-02-16,15,31068
2024-02-16,16,32131
2024-02-16,17,33944
2024-02-16,18,34700
2024-02-16,19,34493
2024-02-16,20,33925
2024-02-16,21,33032
2024-02-16,22,31697
2024-02-16,23,30417
2024-02-17,0,29429
2024-02-17,1,28784
2024-02-17,2,28501
2024-02-17,3,28538
2024-02-17,4,28738
2024-02-17,5,29599
2024-02-17,6,30820
2024-02-17,7,31907
2024-02-17,8,32435
2024-02-17,9,32377
2024-02-17,10,32202
2024-02-17,11,31730
2024-02-17,12,31196
2024-02-17,13,30664
2024-02-17,14,30451
2024-02-17,15,30793
2024-02-17,16,32000
2024-02-17,17,33835
2024-02-17,18,35326
2024-02-17,19,35266
2024-02-17,20,34990
2024-02-17,21,34392
2024-02-17,22,33329
2024-02-17,23,32314
2024-02-18,0,31758
2024-02-18,1,31256
2024-02-18,2,30994
2024-02-18,3,31070
2024-02-18,4,31285
2024-02-18,5,32020
2024-02-18,6,32990
2024-02-18,7,33645
2024-02-18,8,33230
2024-02-18,9,31867
2024-02-18,10,30575
2024-02-18,11,29555
2024-02-18,12,28730
2024-02-18,13,28222
2024-02-18,14,28102
2024-02-18,15,28714
2024-02-18,16,30222
2024-02-18,17,32459
2024-02-18,18,33790
2024-02-18,19,34097
2024-02-18,20,33719
2024-02-18,21,32817
2024-02-18,22,31404
2024-02-18,23,30092
2024-02-19,0,29501
2024-02-19,1,29041
2024-02-19,2,28956
2024-02-19,3,29221
2024-02-19,4,30044
2024-02-19,5,31955
2024-02-19,6,34586
2024-02-19,7,35976
2024-02-19,8,35128
2024-02-19,9,33639
2024-02-19,10,31958
2024-02-19,11,30688
2024-02-19,12,29919
2024-02-19,13,29520
2024-02-19,14,29446
2024-02-19,15,29742
2024-02-19,16,30932
2024-02-19,17,33315
2024-02-19,18,35139
2024-02-19,19,35084
2024-02-19,20,34677
2024-02-19,21,33729
2024-02-19,22,32303
2024-02-19,23,30876
2024-02-20,0,30671
2024-02-20,1,30309
2024-02-20,2,30211
2024-02-20,3,30568
2024-02-20,4,31554
2024-02-20,5,33633
2024-02-20,6,36403
2024-02-20,7,37719
2024-02-20,8,36618
2024-02-20,9,34559
2024-02-20,10,32753
2024-02-20,11,31564
2024-02-20,12,30742
2024-02-20,13,30343
2024-02-20,14,30203
2024-02-20,15,30702
2024-02-20,16,32042
2024-02-20,17,34763
2024-02-20,18,35701
2024-02-20,19,35627
2024-02-20,20,35180
2024-02-20,21,34316
2024-02-20,22,32740
2024-02-20,23,31295
2024-02-21,0,30447
2024-02-21,1,30022
2024-02-21,2,29917
2024-02-21,3,30232
2024-02-21,4,31263
2024-02-21,5,33331
2024-02-21,6,36149
2024-02-21,7,37585
2024-02-21,8,36353
2024-02-21,9,34260
2024-02-21,10,32343
2024-02-21,11,30982
2024-02-21,12,30107
2024-02-21,13,29606
2024-02-21,14,29450
2024-02-21,15,30018
2024-02-21,16,31436
2024-02-21,17,33802
2024-02-21,18,35168
2024-02-21,19,35054
2024-02-21,20,34481
2024-02-21,21,33457
2024-02-21,22,31823
2024-02-21,23,30401
2024-02-22,0,29723
2024-02-22,1,29203
2024-02-22,2,29103
2024-02-22,3,29350
2024-02-22,4,30209
2024-02-22,5,32146
2024-02-22,6,35007
2024-02-22,7,36393
2024-02-22,8,35506
2024-02-22,9,34036
2024-02-22,10,32604
2024-02-22,11,31559
2024-02-22,12,30768
2024-02-22,13,30382
2024-02-22,14,30190
2024-02-22,15,30446
2024-02-22,16,31753
2024-02-22,17,33351
2024-02-22,18,34131
2024-02-22,19,33712
2024-02-22,20,32901
2024-02-22,21,31658
2024-02-22,22,30053
2024-02-22,23,28436
2024-02-23,0,26908
2024-02-23,1,26168
2024-02-23,2,25761
2024-02-23,3,25829
2024-02-23,4,26584
2024-02-23,5,28294
2024-02-23,6,30798
2024-02-23,7,32443
2024-02-23,8,32396
2024-02-23,9,31848
2024-02-23,10,31294
2024-02-23,11,30631
2024-02-23,12,30044
2024-02-23,13,29658
2024-02-23,14,29468
2024-02-23,15,29640
2024-02-23,16,30536
2024-02-23,17,31813
2024-02-23,18,32339
2024-02-23,19,31927
2024-02-23,20,31241
2024-02-23,21,30259
2024-02-23,22,28957
2024-02-23,23,27667
2024-02-24,0,26704
2024-02-24,1,26069
2024-02-24,2,25794
2024-02-24,3,25761
2024-02-24,4,26040
2024-02-24,5,26879
2024-02-24,6,28030
2024-02-24,7,29112
2024-02-24,8,29697
2024-02-24,9,29803
2024-02-24,10,29588
2024-02-24,11,29213
2024-02-24,12,28837
2024-02-24,13,28444
2024-02-24,14,28308
2024-02-24,15,28831
2024-02-24,16,30030
2024-02-24,17,31941
2024-02-24,18,33238
2024-02-24,19,33106
2024-02-24,20,32830
2024-02-24,21,32413
2024-02-24,22,31495
2024-02-24,23,30644
2024-02-25,0,29763
2024-02-25,1,29386
2024-02-25,2,29221
2024-02-25,3,29384
2024-02-25,4,29804
2024-02-25,5,30620
2024-02-25,6,31582
2024-02-25,7,32012
2024-02-25,8,31516
2024-02-25,9,30257
2024-02-25,10,28937
2024-02-25,11,27911
2024-02-25,12,27244
2024-02-25,13,26736
2024-02-25,14,26492
2024-02-25,15,27160
2024-02-25,16,28827
2024-02-25,17,30953
2024-02-25,18,32249
2024-02-25,19,32606
2024-02-25,20,32416
2024-02-25,21,31598
2024-02-25,22,30414
2024-02-25,23,29092
2024-02-26,0,28222
2024-02-26,1,27668
2024-02-26,2,27538
2024-02-26,3,27783
2024-02-26,4,28599
2024-02-26,5,30534
2024-02-26,6,33271
2024-02-26,7,34398
2024-02-26,8,33575
2024-02-26,9,32021
2024-02-26,10,30660
2024-02-26,11,29700
2024-02-26,12,29061
2024-02-26,13,28612
2024-02-26,14,28385
2024-02-26,15,28702
2024-02-26,16,29640
2024-02-26,17,31347
2024-02-26,18,32109
2024-02-26,19,31858
2024-02-26,20,31357
2024-02-26,21,30236
2024-02-26,22,28600
2024-02-26,23,27074
2024-02-27,0,25698
2024-02-27,1,25097
2024-02-27,2,24848
2024-02-27,3,24892
2024-02-27,4,25708
2024-02-27,5,27490
2024-02-27,6,30032
2024-02-27,7,31218
2024-02-27,8,30890
2024-02-27,9,30108
2024-02-27,10,29193
2024-02-27,11,28602
2024-02-27,12,28308
2024-02-27,13,28131
2024-02-27,14,28063
2024-02-27,15,28492
2024-02-27,16,29460
2024-02-27,17,30653
2024-02-27,18,31083
2024-02-27,19,30586
2024-02-27,20,29784
2024-02-27,21,28601
2024-02-27,22,26932
2024-02-27,23,25274
2024-02-28,0,23569
2024-02-28,1,22830
2024-02-28,2,22455
2024-02-28,3,22367
2024-02-28,4,22949
2024-02-28,5,24545
2024-02-28,6,27042
2024-02-28,7,28463
2024-02-28,8,28846
2024-02-28,9,28634
2024-02-28,10,28488
2024-02-28,11,28189
2024-02-28,12,27908
2024-02-28,13,27724
2024-02-28,14,27716
2024-02-28,15,28074
2024-02-28,16,29121
2024-02-28,17,30276
2024-02-28,18,30630
2024-02-28,19,30308
2024-02-28,20,29587
2024-02-28,21,28499
2024-02-28,22,27050
2024-02-28,23,25611
2024-02-29,0,25608
2024-02-29,1,25218
2024-02-29,2,25182
2024-02-29,3,25568
2024-02-29,4,26866
2024-02-29,5,29166
2024-02-29,6,32421
2024-02-29,7,33915
2024-02-29,8,33258
2024-02-29,9,32214
2024-02-29,10,31233
2024-02-29,11,30524
2024-02-29,12,30120
2024-02-29,13,29806
2024-02-29,14,29736
2024-02-29,15,30296
2024-02-29,16,31766
2024-02-29,17,33712
2024-02-29,18,34819
2024-02-29,19,34538
2024-02-29,20,33927
2024-02-29,21,32762
2024-02-29,22,31224
2024-02-29,23,29799
2024-03-01,0,28971
2024-03-01,1,28486
2024-03-01,2,28344
2024-03-01,3,28638
2024-03-01,4,29683
2024-03-01,5,31619
2024-03-01,6,34360
2024-03-01,7,35514
2024-03-01,8,34319
2024-03-01,9,32541
2024-03-01,10,30934
2024-03-01,11,29937
2024-03-01,12,29167
2024-03-01,13,28770
2024-03-01,14,28660
2024-03-01,15,29058
2024-03-01,16,30269
2024-03-01,17,31955
2024-03-01,18,32837
2024-03-01,19,32521
2024-03-01,20,31958
2024-03-01,21,31104
2024-03-01,22,29769
2024-03-01,23,28472
2024-03-02,0,27097
2024-03-02,1,26300
2024-03-02,2,25804
2024-03-02,3,25616
2024-03-02,4,25690
2024-03-02,5,26232
2024-03-02,6,27176
2024-03-02,7,28098
2024-03-02,8,28997
2024-03-02,9,29532
2024-03-02,10,29686
2024-03-02,11,29357
2024-03-02,12,28773
2024-03-02,13,28174
2024-03-02,14,27819
2024-03-02,15,27850
2024-03-02,16,28494
2024-03-02,17,29468
2024-03-02,18,30156
2024-03-02,19,29826
2024-03-02,20,29266
2024-03-02,21,28437
2024-03-02,22,27349
2024-03-02,23,26265
2024-03-03,0,24595
2024-03-03,1,23817
2024-03-03,2,23370
2024-03-03,3,23168
2024-03-03,4,23323
2024-03-03,5,23828
2024-03-03,6,24600
2024-03-03,7,25481
2024-03-03,8,25952
2024-03-03,9,25891
2024-03-03,10,25121
2024-03-03,11,24551
2024-03-03,12,24125
2024-03-03,13,23860
2024-03-03,14,23855
2024-03-03,15,24234
2024-03-03,16,25205
2024-03-03,17,26782
2024-03-03,18,27919
2024-03-03,19,28180
2024-03-03,20,27896
2024-03-03,21,26989
2024-03-03,22,25743
2024-03-03,23,24484
2024-03-04,0,23528
2024-03-04,1,22875
2024-03-04,2,22726
2024-03-04,3,22792
2024-03-04,4,23532
2024-03-04,5,25254
2024-03-04,6,27929
2024-03-04,7,29359
2024-03-04,8,29126
2024-03-04,9,28285
2024-03-04,10,27631
2024-03-04,11,27249
2024-03-04,12,27021
2024-03-04,13,27003
2024-03-04,14,27138
2024-03-04,15,27678
2024-03-04,16,28692
2024-03-04,17,30379
2024-03-04,18,30854
2024-03-04,19,30401
2024-03-04,20,29813
2024-03-04,21,28603
2024-03-04,22,26883
2024-03-04,23,25400
2024-03-05,0,24056
2024-03-05,1,23334
2024-03-05,2,23017
2024-03-05,3,23039
2024-03-05,4,23700
2024-03-05,5,25384
2024-03-05,6,28084
2024-03-05,7,29719
2024-03-05,8,30015
2024-03-05,9,29829
2024-03-05,10,29760
2024-03-05,11,29476
2024-03-05,12,29220
2024-03-05,13,29088
2024-03-05,14,29010
2024-03-05,15,29241
2024-03-05,16,30066
2024-03-05,17,31135
2024-03-05,18,31629
2024-03-05,19,31220
2024-03-05,20,30405
2024-03-05,21,29236
2024-03-05,22,27462
2024-03-05,23,25881
2024-03-06,0,24596
2024-03-06,1,23909
2024-03-06,2,23593
2024-03-06,3,23548
2024-03-06,4,24134
2024-03-06,5,25772
2024-03-06,6,28410
2024-03-06,7,30111
2024-03-06,8,30175
2024-03-06,9,29896
2024-03-06,10,29637
2024-03-06,11,29370
2024-03-06,12,29194
2024-03-06,13,29065
2024-03-06,14,29004
2024-03-06,15,29179
2024-03-06,16,30057
2024-03-06,17,31157
2024-03-06,18,31679
2024-03-06,19,31161
2024-03-06,20,30122
2024-03-06,21,28869
2024-03-06,22,27190
2024-03-06,23,25597
2024-03-07,0,24260
2024-03-07,1,23487
2024-03-07,2,23130
2024-03-07,3,23061
2024-03-07,4,23699
2024-03-07,5,25202
2024-03-07,6,27744
2024-03-07,7,29107
2024-03-07,8,29282
2024-03-07,9,29089
2024-03-07,10,28636
2024-03-07,11,28324
2024-03-07,12,28068
2024-03-07,13,27915
2024-03-07,14,27833
2024-03-07,15,28043
2024-03-07,16,28897
2024-03-07,17,30017
2024-03-07,18,30725
2024-03-07,19,30544
2024-03-07,20,29861
2024-03-07,21,28649
2024-03-07,22,26988
2024-03-07,23,25478
2024-03-08,0,24629
2024-03-08,1,23972
2024-03-08,2,23754
2024-03-08,3,23851
2024-03-08,4,24612
2024-03-08,5,26350
2024-03-08,6,28881
2024-03-08,7,30131
2024-03-08,8,29571
2024-03-08,9,28549
2024-03-08,10,27618
2024-03-08,11,26933
2024-03-08,12,26476
2024-03-08,13,26347
2024-03-08,14,26555
2024-03-08,15,27140
2024-03-08,16,28103
2024-03-08,17,29569
2024-03-08,18,30277
2024-03-08,19,29988
2024-03-08,20,29453
2024-03-08,21,28553
2024-03-08,22,27312
2024-03-08,23,26047
2024-03-09,0,25290
2024-03-09,1,24587
2024-03-09,2,24243
2024-03-09,3,24107
2024-03-09,4,24405
2024-03-09,5,25137
2024-03-09,6,26230
2024-03-09,7,27186
2024-03-09,8,28049
2024-03-09,9,28675
2024-03-09,10,29032
2024-03-09,11,29073
2024-03-09,12,28896
2024-03-09,13,28641
2024-03-09,14,28447
2024-03-09,15,28473
2024-03-09,16,28993
2024-03-09,17,29764
2024-03-09,18,30303
2024-03-09,19,29933
2024-03-09,20,29211
2024-03-09,21,28231
2024-03-09,22,27034
2024-03-09,23,25837
2024-03-10,0,24813
2024-03-10,1,23415
2024-03-10,3,23092
2024-03-10,4,23520
2024-03-10,5,23899
2024-03-10,6,24768
2024-03-10,7,25652
2024-03-10,8,26433
2024-03-10,9,26880
2024-03-10,10,26745
2024-03-10,11,26707
2024-03-10,12,26563
2024-03-10,13,26521
2024-03-10,14,26523
2024-03-10,15,26778
2024-03-10,16,27617
2024-03-10,17,29004
2024-03-10,18,30602
2024-03-10,19,31810
2024-03-10,20,32350
2024-03-10,21,31531
2024-03-10,22,30409
2024-03-10,23,28890
2024-03-11,0,27412
2024-03-11,1,26784
2024-03-11,2,26612
2024-03-11,3,26734
2024-03-11,4,27529
2024-03-11,5,29524
2024-03-11,6,32771
2024-03-11,7,34133
2024-03-11,8,33752
2024-03-11,9,32391
2024-03-11,10,31073
2024-03-11,11,30092
2024-03-11,12,29152
2024-03-11,13,28528
2024-03-11,14,28194
2024-03-11,15,28242
2024-03-11,16,28894
2024-03-11,17,30308
2024-03-11,18,31985
2024-03-11,19,32454
2024-03-11,20,32261
2024-03-11,21,31162
2024-03-11,22,29382
2024-03-11,23,27631
2024-03-12,0,26219
2024-03-12,1,25528
2024-03-12,2,25228
2024-03-12,3,25361
2024-03-12,4,26122
2024-03-12,5,27843
2024-03-12,6,30897
2024-03-12,7,32262
2024-03-12,8,31732
2024-03-12,9,30013
2024-03-12,10,28686
2024-03-12,11,27718
2024-03-12,12,27045
2024-03-12,13,26626
2024-03-12,14,26399
2024-03-12,15,26383
2024-03-12,16,27017
2024-03-12,17,28264
2024-03-12,18,29397
2024-03-12,19,29929
2024-03-12,20,29847
2024-03-12,21,28635
2024-03-12,22,26760
2024-03-12,23,25060
2024-03-13,0,23867
2024-03-13,1,23237
2024-03-13,2,22948
2024-03-13,3,22966
2024-03-13,4,23593
2024-03-13,5,25268
2024-03-13,6,28117
2024-03-13,7,29694
2024-03-13,8,29223
2024-03-13,9,27761
2024-03-13,10,26564
2024-03-13,11,25796
2024-03-13,12,25420
2024-03-13,13,25338
2024-03-13,14,25380
2024-03-13,15,25706
2024-03-13,16,26350
2024-03-13,17,27320
2024-03-13,18,28492
2024-03-13,19,29137
2024-03-13,20,28870
2024-03-13,21,27746
2024-03-13,22,25897
2024-03-13,23,24136
2024-03-14,0,23347
2024-03-14,1,22589
2024-03-14,2,22271
2024-03-14,3,22152
2024-03-14,4,22737
2024-03-14,5,24473
2024-03-14,6,26983
2024-03-14,7,28672
2024-03-14,8,28206
2024-03-14,9,26927
2024-03-14,10,25862
2024-03-14,11,25124
2024-03-14,12,24777
2024-03-14,13,24729
2024-03-14,14,25006
2024-03-14,15,25547
2024-03-14,16,26552
2024-03-14,17,27693
2024-03-14,18,28775
2024-03-14,19,29301
2024-03-14,20,29074
2024-03-14,21,27851
2024-03-14,22,25749
2024-03-14,23,23984
2024-03-15,0,22785
2024-03-15,1,22101
2024-03-15,2,21641
2024-03-15,3,21487
2024-03-15,4,21887
2024-03-15,5,23170
2024-03-15,6,25845
2024-03-15,7,27725
2024-03-15,8,28155
2024-03-15,9,27887
2024-03-15,10,27543
2024-03-15,11,27234
2024-03-15,12,26979
2024-03-15,13,26903
2024-03-15,14,26827
2024-03-15,15,26941
2024-03-15,16,27252
2024-03-15,17,27755
2024-03-15,18,28347
2024-03-15,19,28714
2024-03-15,20,28126
2024-03-15,21,26824
2024-03-15,22,25338
2024-03-15,23,23860
2024-03-16,0,22597
2024-03-16,1,21903
2024-03-16,2,21502
2024-03-16,3,21354
2024-03-16,4,21612
2024-03-16,5,22410
2024-03-16,6,23546
2024-03-16,7,24463
2024-03-16,8,24864
2024-03-16,9,24584
2024-03-16,10,23860
2024-03-16,11,23217
2024-03-16,12,22732
2024-03-16,13,22468
2024-03-16,14,22406
2024-03-16,15,22663
2024-03-16,16,23413
2024-03-16,17,24725
2024-03-16,18,25828
2024-03-16,19,26463
2024-03-16,20,26532
2024-03-16,21,25930
2024-03-16,22,24738
2024-03-16,23,23519
2024-03-17,0,22601
2024-03-17,1,21891
2024-03-17,2,21527
2024-03-17,3,21333
2024-03-17,4,21396
2024-03-17,5,21874
2024-03-17,6,22645
2024-03-17,7,23368
2024-03-17,8,24245
2024-03-17,9,24459
2024-03-17,10,24280
2024-03-17,11,24090
2024-03-17,12,23900
2024-03-17,13,23748
2024-03-17,14,23784
2024-03-17,15,24229
2024-03-17,16,24872
2024-03-17,17,26049
2024-03-17,18,27318
2024-03-17,19,27912
2024-03-17,20,27708
2024-03-17,21,26552
2024-03-17,22,25253
2024-03-17,23,23991
2024-03-18,0,23712
2024-03-18,1,23302
2024-03-18,2,23164
2024-03-18,3,23432
2024-03-18,4,24165
2024-03-18,5,26171
2024-03-18,6,29470
2024-03-18,7,31326
2024-03-18,8,30962
2024-03-18,9,29940
2024-03-18,10,28915
2024-03-18,11,28348
2024-03-18,12,27786
2024-03-18,13,27396
2024-03-18,14,27187
2024-03-18,15,27385
2024-03-18,16,28148
2024-03-18,17,29490
2024-03-18,18,30911
2024-03-18,19,31813
2024-03-18,20,31997
2024-03-18,21,31058
2024-03-18,22,29381
2024-03-18,23,27854
2024-03-19,0,26718
2024-03-19,1,26270
2024-03-19,2,26091
2024-03-19,3,26342
2024-03-19,4,27150
2024-03-19,5,29218
2024-03-19,6,32250
2024-03-19,7,33774
2024-03-19,8,33171
2024-03-19,9,31868
2024-03-19,10,30829
2024-03-19,11,30041
2024-03-19,12,29489
2024-03-19,13,29092
2024-03-19,14,28783
2024-03-19,15,28731
2024-03-19,16,29214
2024-03-19,17,30171
2024-03-19,18,31248
2024-03-19,19,32206
2024-03-19,20,32512
2024-03-19,21,31465
2024-03-19,22,29488
2024-03-19,23,27868
2024-03-20,0,26582
2024-03-20,1,26052
2024-03-20,2,25792
2024-03-20,3,25945
2024-03-20,4,26674
2024-03-20,5,28776
2024-03-20,6,31717
2024-03-20,7,33103
2024-03-20,8,32135
2024-03-20,9,30559
2024-03-20,10,29315
2024-03-20,11,28294
2024-03-20,12,27514
2024-03-20,13,27054
2024-03-20,14,26905
2024-03-20,15,27112
2024-03-20,16,27927
2024-03-20,17,29163
2024-03-20,18,30538
2024-03-20,19,31358
2024-03-20,20,31435
2024-03-20,21,30443
2024-03-20,22,28785
2024-03-20,23,27087
2024-03-21,0,26642
2024-03-21,1,26379
2024-03-21,2,26430
2024-03-21,3,26832
2024-03-21,4,28121
2024-03-21,5,30414
2024-03-21,6,33764
2024-03-21,7,35288
2024-03-21,8,34319
2024-03-21,9,32643
2024-03-21,10,31127
2024-03-21,11,29977
2024-03-21,12,29105
2024-03-21,13,28589
2024-03-21,14,28283
2024-03-21,15,28486
2024-03-21,16,29298
2024-03-21,17,30778
2024-03-21,18,32423
2024-03-21,19,33627
2024-03-21,20,33778
2024-03-21,21,32768
2024-03-21,22,31109
2024-03-21,23,29665
2024-03-22,0,28584
2024-03-22,1,28188
2024-03-22,2,28134
2024-03-22,3,28471
2024-03-22,4,29448
2024-03-22,5,31726
2024-03-22,6,34627
2024-03-22,7,35763
2024-03-22,8,34655
2024-03-22,9,32827
2024-03-22,10,30958
2024-03-22,11,29448
2024-03-22,12,28302
2024-03-22,13,27645
2024-03-22,14,27184
2024-03-22,15,27213
2024-03-22,16,28098
2024-03-22,17,29125
2024-03-22,18,30284
2024-03-22,19,31422
2024-03-22,20,31389
2024-03-22,21,30473
2024-03-22,22,28998
2024-03-22,23,27615
2024-03-23,0,25883
2024-03-23,1,25108
2024-03-23,2,24554
2024-03-23,3,24347
2024-03-23,4,24540
2024-03-23,5,25174
2024-03-23,6,26214
2024-03-23,7,27137
2024-03-23,8,28027
2024-03-23,9,28443
2024-03-23,10,28578
2024-03-23,11,28192
2024-03-23,12,27661
2024-03-23,13,27033
2024-03-23,14,26733
2024-03-23,15,26714
2024-03-23,16,27266
2024-03-23,17,28118
2024-03-23,18,29230
2024-03-23,19,29916
2024-03-23,20,29965
2024-03-23,21,29390
2024-03-23,22,28472
2024-03-23,23,27444
2024-03-24,0,27482
2024-03-24,1,27047
2024-03-24,2,26718
2024-03-24,3,26765
2024-03-24,4,27116
2024-03-24,5,27852
2024-03-24,6,28863
2024-03-24,7,29594
2024-03-24,8,29541
2024-03-24,9,28715
2024-03-24,10,27319
2024-03-24,11,26241
2024-03-24,12,25323
2024-03-24,13,24650
2024-03-24,14,24318
2024-03-24,15,24581
2024-03-24,16,25440
2024-03-24,17,26763
2024-03-24,18,28223
2024-03-24,19,29944
2024-03-24,20,30471
2024-03-24,21,29799
2024-03-24,22,28634
2024-03-24,23,27402
2024-03-25,0,26896
2024-03-25,1,26510
2024-03-25,2,26432
2024-03-25,3,26689
2024-03-25,4,27647
2024-03-25,5,29651
2024-03-25,6,32625
2024-03-25,7,33864
2024-03-25,8,32980
2024-03-25,9,31130
2024-03-25,10,29468
2024-03-25,11,28096
2024-03-25,12,27124
2024-03-25,13,26464
2024-03-25,14,26198
2024-03-25,15,26295
2024-03-25,16,26928
2024-03-25,17,28299
2024-03-25,18,29886
2024-03-25,19,31115
2024-03-25,20,31337
2024-03-25,21,30331
2024-03-25,22,28726
2024-03-25,23,27240
2024-03-26,0,26299
2024-03-26,1,25915
2024-03-26,2,25713
2024-03-26,3,25919
2024-03-26,4,26684
2024-03-26,5,28645
2024-03-26,6,31482
2024-03-26,7,33114
2024-03-26,8,32573
2024-03-26,9,31655
2024-03-26,10,30366
2024-03-26,11,29364
2024-03-26,12,28552
2024-03-26,13,27986
2024-03-26,14,27702
2024-03-26,15,27621
2024-03-26,16,27958
2024-03-26,17,28819
2024-03-26,18,29815
2024-03-26,19,30684
2024-03-26,20,30703
2024-03-26,21,29664
2024-03-26,22,27927
2024-03-26,23,26416
2024-03-27,0,25099
2024-03-27,1,24431
2024-03-27,2,24138
2024-03-27,3,24162
2024-03-27,4,24690
2024-03-27,5,26376
2024-03-27,6,28974
2024-03-27,7,30793
2024-03-27,8,30894
2024-03-27,9,30557
2024-03-27,10,30160
2024-03-27,11,29694
2024-03-27,12,29243
2024-03-27,13,28867
2024-03-27,14,28449
2024-03-27,15,28350
2024-03-27,16,28929
2024-03-27,17,29629
2024-03-27,18,30398
2024-03-27,19,30959
2024-03-27,20,30579
2024-03-27,21,29411
2024-03-27,22,27686
2024-03-27,23,26078
2024-03-28,0,24939
2024-03-28,1,24144
2024-03-28,2,23763
2024-03-28,3,23756
2024-03-28,4,24270
2024-03-28,5,25834
2024-03-28,6,28413
2024-03-28,7,30048
2024-03-28,8,30448
2024-03-28,9,30352
2024-03-28,10,30129
2024-03-28,11,29793
2024-03-28,12,29460
2024-03-28,13,29172
2024-03-28,14,28935
2024-03-28,15,28901
2024-03-28,16,29323
2024-03-28,17,29979
2024-03-28,18,30666
2024-03-28,19,31198
2024-03-28,20,30886
2024-03-28,21,29609
2024-03-28,22,27985
2024-03-28,23,26432
2024-03-29,0,25013
2024-03-29,1,24451
2024-03-29,2,24096
2024-03-29,3,24166
2024-03-29,4,24858
2024-03-29,5,26466
2024-03-29,6,28727
2024-03-29,7,29829
2024-03-29,8,29646
2024-03-29,9,28713
2024-03-29,10,27484
2024-03-29,11,26622
2024-03-29,12,25977
2024-03-29,13,25534
2024-03-29,14,25347
2024-03-29,15,25562
2024-03-29,16,25960
2024-03-29,17,26861
2024-03-29,18,27738
2024-03-29,19,28574
2024-03-29,20,28931
2024-03-29,21,28203
2024-03-29,22,27014
2024-03-29,23,25902
2024-03-30,0,24717
2024-03-30,1,24107
2024-03-30,2,23729
2024-03-30,3,23653
2024-03-30,4,23993
2024-03-30,5,24718
2024-03-30,6,25818
2024-03-30,7,26746
2024-03-30,8,26995
2024-03-30,9,26574
2024-03-30,10,25802
2024-03-30,11,25232
2024-03-30,12,24792
2024-03-30,13,24473
2024-03-30,14,24286
2024-03-30,15,24324
2024-03-30,16,24738
2024-03-30,17,25556
2024-03-30,18,26284
2024-03-30,19,26950
2024-03-30,20,27050
2024-03-30,21,26365
2024-03-30,22,25306
2024-03-30,23,24142
2024-03-31,0,22762
2024-03-31,1,22043
2024-03-31,2,21568
2024-03-31,3,21348
2024-03-31,4,21496
2024-03-31,5,21961
2024-03-31,6,22747
2024-03-31,7,23413
2024-03-31,8,23802
2024-03-31,9,23849
2024-03-31,10,23648
2024-03-31,11,23344
2024-03-31,12,23037
2024-03-31,13,22661
2024-03-31,14,22544
2024-03-31,15,22713
2024-03-31,16,23080
2024-03-31,17,24043
2024-03-31,18,25030
2024-03-31,19,25932
2024-03-31,20,26249
2024-03-31,21,25585
2024-03-31,22,24483
2024-03-31,23,23273
2024-04-01,0,22702
2024-04-01,1,22127
2024-04-01,2,21822
2024-04-01,3,21838
2024-04-01,4,22423
2024-04-01,5,24090
2024-04-01,6,26900
2024-04-01,7,28785
2024-04-01,8,29109
2024-04-01,9,28856
2024-04-01,10,28566
2024-04-01,11,28225
2024-04-01,12,27872
2024-04-01,13,27493
2024-04-01,14,27300
2024-04-01,15,27240
2024-04-01,16,27973
2024-04-01,17,28772
2024-04-01,18,29507
2024-04-01,19,30054
2024-04-01,20,29723
2024-04-01,21,28650
2024-04-01,22,26942
2024-04-01,23,25452
2024-04-02,0,23896
2024-04-02,1,23219
2024-04-02,2,22812
2024-04-02,3,22847
2024-04-02,4,23404
2024-04-02,5,25032
2024-04-02,6,27362
2024-04-02,7,29172
2024-04-02,8,29927
2024-04-02,9,30112
2024-04-02,10,30187
2024-04-02,11,30142
2024-04-02,12,29971
2024-04-02,13,29730
2024-04-02,14,29502
2024-04-02,15,29312
2024-04-02,16,29581
2024-04-02,17,30014
2024-04-02,18,30635
2024-04-02,19,31160
2024-04-02,20,30844
2024-04-02,21,29743
2024-04-02,22,27982
2024-04-02,23,26341
2024-04-03,0,24774
2024-04-03,1,24080
2024-04-03,2,23711
2024-04-03,3,23686
2024-04-03,4,24255
2024-04-03,5,25868
2024-04-03,6,28502
2024-04-03,7,30030
2024-04-03,8,30612
2024-04-03,9,30711
2024-04-03,10,30913
2024-04-03,11,30754
2024-04-03,12,30523
2024-04-03,13,30212
2024-04-03,14,29962
2024-04-03,15,29749
2024-04-03,16,30218
2024-04-03,17,30808
2024-04-03,18,31247
2024-04-03,19,31479
2024-04-03,20,31004
2024-04-03,21,29789
2024-04-03,22,28194
2024-04-03,23,26559
2024-04-04,0,25451
2024-04-04,1,24763
2024-04-04,2,24380
2024-04-04,3,24432
2024-04-04,4,25324
2024-04-04,5,27308
2024-04-04,6,29838
2024-04-04,7,31062
2024-04-04,8,30882
2024-04-04,9,30285
2024-04-04,10,29611
2024-04-04,11,29045
2024-04-04,12,28624
2024-04-04,13,28402
2024-04-04,14,28420
2024-04-04,15,28667
2024-04-04,16,29285
2024-04-04,17,30151
2024-04-04,18,30917
2024-04-04,19,31327
2024-04-04,20,31113
2024-04-04,21,30003
2024-04-04,22,28488
2024-04-04,23,26942
2024-04-05,0,26035
2024-04-05,1,25416
2024-04-05,2,25129
2024-04-05,3,25219
2024-04-05,4,25910
2024-04-05,5,27728
2024-04-05,6,30316
2024-04-05,7,31682
2024-04-05,8,31423
2024-04-05,9,30711
2024-04-05,10,29888
2024-04-05,11,29287
2024-04-05,12,28679
2024-04-05,13,28233
2024-04-05,14,28030
2024-04-05,15,28232
2024-04-05,16,28747
2024-04-05,17,29612
2024-04-05,18,30391
2024-04-05,19,31139
2024-04-05,20,30965
2024-04-05,21,30116
2024-04-05,22,28817
2024-04-05,23,27516
2024-04-06,0,26414
2024-04-06,1,25686
2024-04-06,2,25245
2024-04-06,3,25113
2024-04-06,4,25351
2024-04-06,5,26035
2024-04-06,6,27077
2024-04-06,7,27958
2024-04-06,8,28284
2024-04-06,9,28164
2024-04-06,10,27662
2024-04-06,11,27185
2024-04-06,12,26570
2024-04-06,13,26024
2024-04-06,14,25711
2024-04-06,15,25784
2024-04-06,16,26327
2024-04-06,17,27104
2024-04-06,18,27859
2024-04-06,19,28655
2024-04-06,20,28761
2024-04-06,21,28133
2024-04-06,22,27053
2024-04-06,23,25910
2024-04-07,0,24932
2024-04-07,1,24376
2024-04-07,2,24009
2024-04-07,3,23969
2024-04-07,4,24029
2024-04-07,5,24555
2024-04-07,6,25447
2024-04-07,7,25959
2024-04-07,8,25818
2024-04-07,9,25248
2024-04-07,10,24472
2024-04-07,11,23964
2024-04-07,12,23492
2024-04-07,13,23195
2024-04-07,14,23172
2024-04-07,15,23475
2024-04-07,16,24181
2024-04-07,17,25393
2024-04-07,18,26517
2024-04-07,19,27718
2024-04-07,20,28164
2024-04-07,21,27591
2024-04-07,22,26422
2024-04-07,23,25238
2024-04-08,0,24386
2024-04-08,1,23919
2024-04-08,2,23766
2024-04-08,3,23921
2024-04-08,4,24586
2024-04-08,5,26419
2024-04-08,6,29211
2024-04-08,7,30566
2024-04-08,8,29693
2024-04-08,9,28366
2024-04-08,10,27195
2024-04-08,11,26574
2024-04-08,12,26246
2024-04-08,13,26240
2024-04-08,14,27274
2024-04-08,15,27902
2024-04-08,16,27095
2024-04-08,17,27577
2024-04-08,18,28199
2024-04-08,19,28863
2024-04-08,20,29004
2024-04-08,21,27900
2024-04-08,22,26182
2024-04-08,23,24621
2024-04-09,0,22948
2024-04-09,1,22261
2024-04-09,2,21941
2024-04-09,3,21897
2024-04-09,4,22559
2024-04-09,5,24143
2024-04-09,6,26627
2024-04-09,7,27965
2024-04-09,8,27503
2024-04-09,9,26610
2024-04-09,10,25964
2024-04-09,11,25669
2024-04-09,12,25645
2024-04-09,13,25844
2024-04-09,14,26244
2024-04-09,15,26780
2024-04-09,16,27269
2024-04-09,17,28060
2024-04-09,18,28486
2024-04-09,19,28966
2024-04-09,20,28813
2024-04-09,21,27576
2024-04-09,22,25675
2024-04-09,23,23943
2024-04-10,0,22587
2024-04-10,1,21846
2024-04-10,2,21343
2024-04-10,3,21153
2024-04-10,4,21568
2024-04-10,5,22947
2024-04-10,6,25500
2024-04-10,7,27176
2024-04-10,8,27516
2024-04-10,9,27465
2024-04-10,10,27297
2024-04-10,11,27298
2024-04-10,12,27332
2024-04-10,13,27464
2024-04-10,14,27598
2024-04-10,15,27999
2024-04-10,16,28419
2024-04-10,17,28975
2024-04-10,18,29224
2024-04-10,19,29544
2024-04-10,20,29177
2024-04-10,21,27906
2024-04-10,22,26081
2024-04-10,23,24300
2024-04-11,0,22826
2024-04-11,1,21918
2024-04-11,2,21378
2024-04-11,3,21142
2024-04-11,4,21584
2024-04-11,5,22960
2024-04-11,6,25342
2024-04-11,7,26949
2024-04-11,8,27544
2024-04-11,9,27645
2024-04-11,10,27723
2024-04-11,11,27851
2024-04-11,12,27954
2024-04-11,13,28145
2024-04-11,14,28330
2024-04-11,15,28616
2024-04-11,16,28931
2024-04-11,17,29390
2024-04-11,18,29581
2024-04-11,19,29753
2024-04-11,20,29302
2024-04-11,21,28055
2024-04-11,22,26198
2024-04-11,23,24440
2024-04-12,0,22651
2024-04-12,1,21789
2024-04-12,2,21296
2024-04-12,3,21113
2024-04-12,4,21517
2024-04-12,5,22849
2024-04-12,6,25050
2024-04-12,7,26654
2024-04-12,8,27340
2024-04-12,9,27512
2024-04-12,10,27472
2024-04-12,11,27271
2024-04-12,12,27043
2024-04-12,13,26874
2024-04-12,14,26675
2024-04-12,15,26736
2024-04-12,16,26935
2024-04-12,17,27258
2024-04-12,18,27586
2024-04-12,19,27792
2024-04-12,20,27420
2024-04-12,21,26386
2024-04-12,22,24998
2024-04-12,23,23578
2024-04-13,0,22523
2024-04-13,1,21762
2024-04-13,2,21262
2024-04-13,3,21055
2024-04-13,4,21220
2024-04-13,5,21833
2024-04-13,6,22860
2024-04-13,7,23960
2024-04-13,8,24627
2024-04-13,9,24723
2024-04-13,10,24569
2024-04-13,11,24155
2024-04-13,12,23776
2024-04-13,13,23409
2024-04-13,14,23070
2024-04-13,15,23167
2024-04-13,16,23607
2024-04-13,17,24494
2024-04-13,18,25384
2024-04-13,19,26080
2024-04-13,20,26221
2024-04-13,21,25592
2024-04-13,22,24526
2024-04-13,23,23379
2024-04-14,0,22321
2024-04-14,1,21635
2024-04-14,2,21216
2024-04-14,3,21062
2024-04-14,4,21260
2024-04-14,5,21758
2024-04-14,6,22536
2024-04-14,7,23236
2024-04-14,8,23218
2024-04-14,9,22897
2024-04-14,10,22394
2024-04-14,11,22130
2024-04-14,12,22032
2024-04-14,13,22095
2024-04-14,14,22433
2024-04-14,15,23096
2024-04-14,16,23903
2024-04-14,17,24943
2024-04-14,18,25870
2024-04-14,19,26756
2024-04-14,20,26892
2024-04-14,21,25847
2024-04-14,22,24257
2024-04-14,23,22769
2024-04-15,0,22008
2024-04-15,1,21230
2024-04-15,2,20817
2024-04-15,3,20665
2024-04-15,4,21113
2024-04-15,5,22709
2024-04-15,6,25090
2024-04-15,7,26623
2024-04-15,8,26804
2024-04-15,9,26654
2024-04-15,10,26616
2024-04-15,11,26799
2024-04-15,12,27098
2024-04-15,13,27432
2024-04-15,14,27862
2024-04-15,15,28421
2024-04-15,16,29100
2024-04-15,17,29831
2024-04-15,18,30347
2024-04-15,19,30493
2024-04-15,20,30134
2024-04-15,21,28501
2024-04-15,22,26451
2024-04-15,23,24522
2024-04-16,0,23233
2024-04-16,1,22235
2024-04-16,2,21658
2024-04-16,3,21380
2024-04-16,4,21684
2024-04-16,5,23058
2024-04-16,6,25509
2024-04-16,7,27028
2024-04-16,8,26855
2024-04-16,9,26453
2024-04-16,10,26031
2024-04-16,11,26020
2024-04-16,12,26075
2024-04-16,13,26300
2024-04-16,14,26652
2024-04-16,15,27338
2024-04-16,16,27998
2024-04-16,17,28882
2024-04-16,18,29167
2024-04-16,19,29292
2024-04-16,20,28984
2024-04-16,21,27853
2024-04-16,22,25946
2024-04-16,23,24083
2024-04-17,0,22644
2024-04-17,1,21868
2024-04-17,2,21409
2024-04-17,3,21277
2024-04-17,4,21689
2024-04-17,5,23124
2024-04-17,6,25597
2024-04-17,7,27172
2024-04-17,8,27262
2024-04-17,9,27184
2024-04-17,10,26983
2024-04-17,11,26844
2024-04-17,12,26838
2024-04-17,13,26846
2024-04-17,14,26909
2024-04-17,15,27144
2024-04-17,16,27658
2024-04-17,17,28292
2024-04-17,18,28548
2024-04-17,19,28832
2024-04-17,20,28641
2024-04-17,21,27487
2024-04-17,22,25721
2024-04-17,23,24041
2024-04-18,0,22634
2024-04-18,1,21865
2024-04-18,2,21467
2024-04-18,3,21391
2024-04-18,4,21836
2024-04-18,5,23301
2024-04-18,6,25791
2024-04-18,7,27313
2024-04-18,8,27498
2024-04-18,9,27252
2024-04-18,10,27138
2024-04-18,11,26969
2024-04-18,12,26776
2024-04-18,13,26585
2024-04-18,14,26519
2024-04-18,15,26687
2024-04-18,16,27125
2024-04-18,17,27722
2024-04-18,18,28131
2024-04-18,19,28583
2024-04-18,20,28635
2024-04-18,21,27560
2024-04-18,22,25927
2024-04-18,23,24315
2024-04-19,0,23385
2024-04-19,1,22637
2024-04-19,2,22259
2024-04-19,3,22244
2024-04-19,4,22734
2024-04-19,5,24277
2024-04-19,6,26579
2024-04-19,7,27896
2024-04-19,8,28011
2024-04-19,9,27620
2024-04-19,10,27103
2024-04-19,11,26636
2024-04-19,12,26279
2024-04-19,13,25980
2024-04-19,14,25813
2024-04-19,15,25855
2024-04-19,16,26231
2024-04-19,17,26635
2024-04-19,18,26960
2024-04-19,19,27365
2024-04-19,20,27585
2024-04-19,21,26822
2024-04-19,22,25538
2024-04-19,23,24038
2024-04-20,0,22658
2024-04-20,1,21777
2024-04-20,2,21265
2024-04-20,3,21030
2024-04-20,4,21230
2024-04-20,5,21833
2024-04-20,6,22773
2024-04-20,7,23660
2024-04-20,8,24159
2024-04-20,9,24210
2024-04-20,10,24022
2024-04-20,11,23601
2024-04-20,12,22981
2024-04-20,13,22518
2024-04-20,14,22349
2024-04-20,15,22542
2024-04-20,16,23057
2024-04-20,17,23930
2024-04-20,18,24732
2024-04-20,19,25552
2024-04-20,20,26009
2024-04-20,21,25419
2024-04-20,22,24381
2024-04-20,23,23106
2024-04-21,0,22418
2024-04-21,1,21773
2024-04-21,2,21434
2024-04-21,3,21356
2024-04-21,4,21521
2024-04-21,5,22099
2024-04-21,6,23013
2024-04-21,7,23874
2024-04-21,8,24117
2024-04-21,9,23976
2024-04-21,10,23874
2024-04-21,11,23672
2024-04-21,12,23439
2024-04-21,13,23241
2024-04-21,14,23169
2024-04-21,15,23341
2024-04-21,16,24020
2024-04-21,17,24780
2024-04-21,18,25722
2024-04-21,19,26797
2024-04-21,20,27463
2024-04-21,21,26777
2024-04-21,22,25699
2024-04-21,23,24302
2024-04-22,0,23215
2024-04-22,1,22713
2024-04-22,2,22515
2024-04-22,3,22656
2024-04-22,4,23621
2024-04-22,5,25356
2024-04-22,6,27983
2024-04-22,7,29277
2024-04-22,8,28710
2024-04-22,9,27512
2024-04-22,10,26588
2024-04-22,11,25926
2024-04-22,12,25461
2024-04-22,13,25105
2024-04-22,14,24930
2024-04-22,15,25108
2024-04-22,16,25553
2024-04-22,17,26476
2024-04-22,18,27187
2024-04-22,19,28129
2024-04-22,20,28741
2024-04-22,21,27804
2024-04-22,22,26150
2024-04-22,23,24562
2024-04-23,0,24005
2024-04-23,1,23473
2024-04-23,2,23282
2024-04-23,3,23394
2024-04-23,4,24203
2024-04-23,5,26140
2024-04-23,6,28590
2024-04-23,7,29654
2024-04-23,8,28581
2024-04-23,9,27212
2024-04-23,10,26148
2024-04-23,11,25532
2024-04-23,12,25183
2024-04-23,13,24976
2024-04-23,14,24936
2024-04-23,15,25203
2024-04-23,16,25722
2024-04-23,17,26767
2024-04-23,18,27335
2024-04-23,19,28126
2024-04-23,20,28549
2024-04-23,21,27675
2024-04-23,22,25902
2024-04-23,23,24232
2024-04-24,0,22707
2024-04-24,1,21966
2024-04-24,2,21576
2024-04-24,3,21489
2024-04-24,4,22008
2024-04-24,5,23592
2024-04-24,6,25915
2024-04-24,7,27193
2024-04-24,8,27352
2024-04-24,9,26971
2024-04-24,10,26535
2024-04-24,11,26240
2024-04-24,12,26054
2024-04-24,13,25964
2024-04-24,14,25935
2024-04-24,15,26081
2024-04-24,16,26560
2024-04-24,17,27215
2024-04-24,18,27635
2024-04-24,19,28063
2024-04-24,20,28289
2024-04-24,21,27402
2024-04-24,22,25647
2024-04-24,23,24002
2024-04-25,0,22906
2024-04-25,1,22367
2024-04-25,2,22109
2024-04-25,3,22187
2024-04-25,4,22783
2024-04-25,5,24389
2024-04-25,6,27234
2024-04-25,7,28714
2024-04-25,8,28330
2024-04-25,9,27555
2024-04-25,10,26867
2024-04-25,11,26306
2024-04-25,12,25820
2024-04-25,13,25551
2024-04-25,14,25332
2024-04-25,15,25440
2024-04-25,16,26016
2024-04-25,17,26916
2024-04-25,18,27749
2024-04-25,19,28573
2024-04-25,20,29066
2024-04-25,21,28086
2024-04-25,22,26432
2024-04-25,23,24885
2024-04-26,0,23915
2024-04-26,1,23291
2024-04-26,2,23060
2024-04-26,3,23118
2024-04-26,4,23804
2024-04-26,5,25462
2024-04-26,6,27830
2024-04-26,7,28884
2024-04-26,8,28119
2024-04-26,9,26838
2024-04-26,10,25766
2024-04-26,11,25055
2024-04-26,12,24551
2024-04-26,13,24233
2024-04-26,14,24022
2024-04-26,15,24162
2024-04-26,16,24858
2024-04-26,17,25758
2024-04-26,18,26333
2024-04-26,19,26898
2024-04-26,20,27540
2024-04-26,21,26901
2024-04-26,22,25560
2024-04-26,23,24193
2024-04-27,0,23156
2024-04-27,1,22512
2024-04-27,2,22142
2024-04-27,3,22044
2024-04-27,4,22253
2024-04-27,5,22981
2024-04-27,6,23972
2024-04-27,7,24746
2024-04-27,8,24893
2024-04-27,9,24782
2024-04-27,10,24508
2024-04-27,11,24154
2024-04-27,12,23752
2024-04-27,13,23495
2024-04-27,14,23414
2024-04-27,15,23600
2024-04-27,16,24273
2024-04-27,17,24990
2024-04-27,18,25526
2024-04-27,19,26054
2024-04-27,20,26583
2024-04-27,21,25890
2024-04-27,22,24653
2024-04-27,23,23445
2024-04-28,0,22048
2024-04-28,1,21310
2024-04-28,2,20876
2024-04-28,3,20706
2024-04-28,4,20797
2024-04-28,5,21229
2024-04-28,6,21805
2024-04-28,7,22211
2024-04-28,8,22654
2024-04-28,9,22764
2024-04-28,10,22727
2024-04-28,11,22744
2024-04-28,12,23066
2024-04-28,13,23407
2024-04-28,14,24054
2024-04-28,15,25006
2024-04-28,16,26135
2024-04-28,17,27294
2024-04-28,18,28075
2024-04-28,19,28750
2024-04-28,20,28943
2024-04-28,21,27760
2024-04-28,22,26235
2024-04-28,23,24521
2024-04-29,0,23341
2024-04-29,1,22381
2024-04-29,2,21924
2024-04-29,3,21687
2024-04-29,4,22024
2024-04-29,5,23368
2024-04-29,6,25571
2024-04-29,7,27014
2024-04-29,8,27721
2024-04-29,9,28117
2024-04-29,10,28996
2024-04-29,11,30037
2024-04-29,12,31422
2024-04-29,13,32911
2024-04-29,14,34535
2024-04-29,15,35917
2024-04-29,16,37004
2024-04-29,17,37698
2024-04-29,18,37652
2024-04-29,19,37062
2024-04-29,20,36080
2024-04-29,21,33830
2024-04-29,22,30920
2024-04-29,23,28350
2024-04-30,0,26207
2024-04-30,1,24687
2024-04-30,2,23870
2024-04-30,3,23292
2024-04-30,4,23467
2024-04-30,5,24648
2024-04-30,6,27249
2024-04-30,7,28893
2024-04-30,8,29406
2024-04-30,9,29762
2024-04-30,10,30112
2024-04-30,11,30939
2024-04-30,12,32154
2024-04-30,13,33276
2024-04-30,14,34400
2024-04-30,15,35562
2024-04-30,16,36415
2024-04-30,17,37227
2024-04-30,18,37049
2024-04-30,19,36405
2024-04-30,20,35141
2024-04-30,21,33040
2024-04-30,22,30336
2024-04-30,23,27912
2024-05-01,0,26507
2024-05-01,1,25078
2024-05-01,2,24127
2024-05-01,3,23593
2024-05-01,4,23584
2024-05-01,5,24800
2024-05-01,6,27158
2024-05-01,7,28642
2024-05-01,8,28898
2024-05-01,9,29169
2024-05-01,10,29418
2024-05-01,11,30000
2024-05-01,12,30653
2024-05-01,13,31454
2024-05-01,14,32255
2024-05-01,15,33251
2024-05-01,16,34286
2024-05-01,17,34988
2024-05-01,18,34796
2024-05-01,19,34336
2024-05-01,20,33232
2024-05-01,21,31552
2024-05-01,22,29132
2024-05-01,23,26872
2024-05-02,0,25063
2024-05-02,1,23837
2024-05-02,2,23075
2024-05-02,3,22681
2024-05-02,4,22812
2024-05-02,5,24104
2024-05-02,6,26442
2024-05-02,7,27874
2024-05-02,8,28518
2024-05-02,9,29038
2024-05-02,10,29503
2024-05-02,11,30502
2024-05-02,12,31649
2024-05-02,13,33069
2024-05-02,14,34447
2024-05-02,15,36036
2024-05-02,16,37506
2024-05-02,17,38569
2024-05-02,18,38374
2024-05-02,19,37644
2024-05-02,20,36478
2024-05-02,21,34343
2024-05-02,22,31505
2024-05-02,23,28872
2024-05-03,0,25463
2024-05-03,1,24134
2024-05-03,2,23248
2024-05-03,3,22797
2024-05-03,4,22870
2024-05-03,5,24004
2024-05-03,6,26166
2024-05-03,7,27594
2024-05-03,8,27997
2024-05-03,9,28132
2024-05-03,10,28141
2024-05-03,11,28246
2024-05-03,12,28413
2024-05-03,13,28618
2024-05-03,14,28844
2024-05-03,15,29105
2024-05-03,16,29362
2024-05-03,17,29737
2024-05-03,18,29566
2024-05-03,19,29234
2024-05-03,20,28655
2024-05-03,21,27510
2024-05-03,22,25929
2024-05-03,23,24229
2024-05-04,0,22530
2024-05-04,1,21648
2024-05-04,2,21122
2024-05-04,3,20873
2024-05-04,4,20883
2024-05-04,5,21465
2024-05-04,6,22434
2024-05-04,7,23417
2024-05-04,8,24102
2024-05-04,9,24667
2024-05-04,10,24888
2024-05-04,11,24825
2024-05-04,12,24608
2024-05-04,13,24390
2024-05-04,14,24261
2024-05-04,15,24306
2024-05-04,16,24768
2024-05-04,17,25391
2024-05-04,18,25962
2024-05-04,19,26316
2024-05-04,20,26484
2024-05-04,21,25804
2024-05-04,22,24580
2024-05-04,23,23249
2024-05-05,0,21947
2024-05-05,1,21173
2024-05-05,2,20646
2024-05-05,3,20426
2024-05-05,4,20466
2024-05-05,5,20853
2024-05-05,6,21468
2024-05-05,7,22175
2024-05-05,8,23132
2024-05-05,9,23809
2024-05-05,10,24375
2024-05-05,11,24568
2024-05-05,12,24600
2024-05-05,13,24552
2024-05-05,14,24530
2024-05-05,15,24547
2024-05-05,16,24993
2024-05-05,17,25551
2024-05-05,18,26277
2024-05-05,19,26852
2024-05-05,20,26989
2024-05-05,21,26093
2024-05-05,22,24475
2024-05-05,23,22970
2024-05-06,0,21699
2024-05-06,1,20901
2024-05-06,2,20475
2024-05-06,3,20376
2024-05-06,4,20920
2024-05-06,5,22263
2024-05-06,6,24386
2024-05-06,7,26075
2024-05-06,8,26668
2024-05-06,9,26674
2024-05-06,10,26862
2024-05-06,11,26809
2024-05-06,12,27004
2024-05-06,13,27239
2024-05-06,14,27526
2024-05-06,15,27937
2024-05-06,16,28778
2024-05-06,17,29516
2024-05-06,18,30244
2024-05-06,19,30348
2024-05-06,20,30172
2024-05-06,21,28736
2024-05-06,22,26739
2024-05-06,23,24663
2024-05-07,0,23640
2024-05-07,1,22563
2024-05-07,2,21946
2024-05-07,3,21665
2024-05-07,4,22133
2024-05-07,5,23413
2024-05-07,6,25753
2024-05-07,7,27404
2024-05-07,8,27988
2024-05-07,9,28039
2024-05-07,10,28215
2024-05-07,11,28385
2024-05-07,12,28828
2024-05-07,13,29412
2024-05-07,14,30229
2024-05-07,15,31026
2024-05-07,16,31998
2024-05-07,17,32851
2024-05-07,18,33003
2024-05-07,19,32687
2024-05-07,20,32100
2024-05-07,21,30541
2024-05-07,22,28180
2024-05-07,23,26057
2024-05-08,0,25113
2024-05-08,1,23955
2024-05-08,2,23241
2024-05-08,3,22886
2024-05-08,4,23064
2024-05-08,5,24302
2024-05-08,6,26441
2024-05-08,7,28133
2024-05-08,8,29133
2024-05-08,9,29809
2024-05-08,10,30536
2024-05-08,11,31443
2024-05-08,12,32508
2024-05-08,13,33828
2024-05-08,14,34977
2024-05-08,15,36172
2024-05-08,16,37467
2024-05-08,17,38196
2024-05-08,18,38076
2024-05-08,19,37421
2024-05-08,20,36220
2024-05-08,21,34419
2024-05-08,22,31726
2024-05-08,23,29134
2024-05-09,0,26803
2024-05-09,1,25465
2024-05-09,2,24556
2024-05-09,3,24083
2024-05-09,4,24043
2024-05-09,5,25230
2024-05-09,6,27499
2024-05-09,7,28860
2024-05-09,8,29287
2024-05-09,9,29493
2024-05-09,10,29503
2024-05-09,11,29648
2024-05-09,12,29816
2024-05-09,13,30006
2024-05-09,14,29969
2024-05-09,15,30069
2024-05-09,16,30294
2024-05-09,17,30527
2024-05-09,18,30477
2024-05-09,19,30302
2024-05-09,20,29982
2024-05-09,21,28681
2024-05-09,22,26816
2024-05-09,23,24963
2024-05-10,0,22981
2024-05-10,1,22055
2024-05-10,2,21550
2024-05-10,3,21374
2024-05-10,4,21668
2024-05-10,5,22957
2024-05-10,6,24995
2024-05-10,7,26421
2024-05-10,8,27021
2024-05-10,9,27364
2024-05-10,10,27543
2024-05-10,11,27497
2024-05-10,12,27406
2024-05-10,13,27300
2024-05-10,14,27138
2024-05-10,15,27168
2024-05-10,16,27538
2024-05-10,17,27868
2024-05-10,18,27970
2024-05-10,19,27970
2024-05-10,20,28115
2024-05-10,21,27192
2024-05-10,22,25738
2024-05-10,23,24165
2024-05-11,0,23084
2024-05-11,1,22251
2024-05-11,2,21756
2024-05-11,3,21508
2024-05-11,4,21624
2024-05-11,5,22168
2024-05-11,6,22997
2024-05-11,7,23774
2024-05-11,8,24087
2024-05-11,9,24067
2024-05-11,10,23731
2024-05-11,11,23461
2024-05-11,12,23207
2024-05-11,13,23056
2024-05-11,14,22991
2024-05-11,15,23261
2024-05-11,16,23793
2024-05-11,17,24586
2024-05-11,18,25074
2024-05-11,19,25488
2024-05-11,20,25920
2024-05-11,21,25390
2024-05-11,22,24197
2024-05-11,23,22921
2024-05-12,0,21674
2024-05-12,1,20921
2024-05-12,2,20441
2024-05-12,3,20285
2024-05-12,4,20327
2024-05-12,5,20748
2024-05-12,6,21240
2024-05-12,7,21890
2024-05-12,8,22724
2024-05-12,9,23295
2024-05-12,10,23698
2024-05-12,11,23828
2024-05-12,12,23813
2024-05-12,13,23725
2024-05-12,14,23686
2024-05-12,15,23841
2024-05-12,16,24259
2024-05-12,17,24895
2024-05-12,18,25513
2024-05-12,19,26093
2024-05-12,20,26747
2024-05-12,21,26085
2024-05-12,22,24666
2024-05-12,23,23186
2024-05-13,0,22090
2024-05-13,1,21408
2024-05-13,2,21096
2024-05-13,3,21054
2024-05-13,4,21550
2024-05-13,5,22933
2024-05-13,6,25046
2024-05-13,7,26585
2024-05-13,8,26544
2024-05-13,9,25816
2024-05-13,10,25388
2024-05-13,11,24976
2024-05-13,12,24788
2024-05-13,13,24762
2024-05-13,14,24864
2024-05-13,15,25228
2024-05-13,16,26142
2024-05-13,17,27017
2024-05-13,18,27529
2024-05-13,19,27942
2024-05-13,20,28447
2024-05-13,21,27440
2024-05-13,22,25616
2024-05-13,23,23688
2024-05-14,0,22339
2024-05-14,1,21456
2024-05-14,2,20937
2024-05-14,3,20722
2024-05-14,4,21178
2024-05-14,5,22378
2024-05-14,6,24543
2024-05-14,7,26120
2024-05-14,8,26602
2024-05-14,9,26531
2024-05-14,10,26592
2024-05-14,11,26673
2024-05-14,12,26893
2024-05-14,13,27146
2024-05-14,14,27374
2024-05-14,15,27710
2024-05-14,16,28386
2024-05-14,17,28963
2024-05-14,18,29164
2024-05-14,19,29167
2024-05-14,20,29199
2024-05-14,21,28090
2024-05-14,22,26065
2024-05-14,23,24119
2024-05-15,0,22706
2024-05-15,1,21752
2024-05-15,2,21189
2024-05-15,3,20930
2024-05-15,4,21304
2024-05-15,5,22542
2024-05-15,6,24633
2024-05-15,7,26369
2024-05-15,8,27221
2024-05-15,9,27461
2024-05-15,10,27736
2024-05-15,11,27819
2024-05-15,12,27852
2024-05-15,13,27884
2024-05-15,14,27850
2024-05-15,15,27974
2024-05-15,16,28330
2024-05-15,17,28730
2024-05-15,18,28870
2024-05-15,19,28853
2024-05-15,20,28825
2024-05-15,21,27726
2024-05-15,22,25812
2024-05-15,23,23976
2024-05-16,0,22713
2024-05-16,1,21795
2024-05-16,2,21267
2024-05-16,3,21053
2024-05-16,4,21460
2024-05-16,5,22758
2024-05-16,6,24833
2024-05-16,7,26295
2024-05-16,8,26838
2024-05-16,9,26951
2024-05-16,10,27152
2024-05-16,11,27294
2024-05-16,12,27333
2024-05-16,13,27537
2024-05-16,14,27641
2024-05-16,15,27896
2024-05-16,16,28497
2024-05-16,17,29042
2024-05-16,18,29210
2024-05-16,19,29121
2024-05-16,20,29095
2024-05-16,21,28061
2024-05-16,22,26166
2024-05-16,23,24289
2024-05-17,0,23325
2024-05-17,1,22301
2024-05-17,2,21673
2024-05-17,3,21414
2024-05-17,4,21685
2024-05-17,5,22884
2024-05-17,6,24821
2024-05-17,7,26307
2024-05-17,8,27092
2024-05-17,9,27377
2024-05-17,10,27541
2024-05-17,11,27626
2024-05-17,12,27704
2024-05-17,13,27838
2024-05-17,14,28002
2024-05-17,15,28188
2024-05-17,16,28553
2024-05-17,17,28801
2024-05-17,18,28792
2024-05-17,19,28651
2024-05-17,20,28523
2024-05-17,21,27655
2024-05-17,22,26014
2024-05-17,23,24257
2024-05-18,0,22662
2024-05-18,1,21630
2024-05-18,2,20933
2024-05-18,3,20558
2024-05-18,4,20576
2024-05-18,5,21016
2024-05-18,6,21729
2024-05-18,7,22678
2024-05-18,8,23686
2024-05-18,9,24339
2024-05-18,10,24723
2024-05-18,11,24779
2024-05-18,12,24699
2024-05-18,13,24638
2024-05-18,14,24570
2024-05-18,15,24688
2024-05-18,16,25194
2024-05-18,17,25629
2024-05-18,18,26008
2024-05-18,19,26092
2024-05-18,20,26359
2024-05-18,21,25719
2024-05-18,22,24460
2024-05-18,23,22949
2024-05-19,0,21849
2024-05-19,1,20995
2024-05-19,2,20369
2024-05-19,3,19995
2024-05-19,4,20038
2024-05-19,5,20285
2024-05-19,6,20791
2024-05-19,7,21559
2024-05-19,8,22452
2024-05-19,9,23110
2024-05-19,10,23560
2024-05-19,11,23872
2024-05-19,12,24093
2024-05-19,13,24287
2024-05-19,14,24505
2024-05-19,15,24967
2024-05-19,16,25904
2024-05-19,17,26696
2024-05-19,18,27261
2024-05-19,19,27608
2024-05-19,20,27785
2024-05-19,21,26897
2024-05-19,22,25218
2024-05-19,23,23439
2024-05-20,0,22762
2024-05-20,1,21729
2024-05-20,2,21113
2024-05-20,3,20870
2024-05-20,4,21225
2024-05-20,5,22393
2024-05-20,6,24348
2024-05-20,7,25875
2024-05-20,8,26489
2024-05-20,9,26642
2024-05-20,10,26915
2024-05-20,11,27178
2024-05-20,12,27506
2024-05-20,13,28051
2024-05-20,14,28635
2024-05-20,15,29362
2024-05-20,16,30605
2024-05-20,17,31405
2024-05-20,18,31488
2024-05-20,19,31137
2024-05-20,20,30752
2024-05-20,21,29429
2024-05-20,22,27208
2024-05-20,23,24942
2024-05-21,0,24030
2024-05-21,1,22873
2024-05-21,2,22182
2024-05-21,3,21809
2024-05-21,4,22152
2024-05-21,5,23357
2024-05-21,6,25476
2024-05-21,7,27030
2024-05-21,8,27735
2024-05-21,9,28092
2024-05-21,10,28677
2024-05-21,11,29358
2024-05-21,12,30202
2024-05-21,13,31269
2024-05-21,14,32394
2024-05-21,15,33629
2024-05-21,16,35173
2024-05-21,17,36063
2024-05-21,18,35806
2024-05-21,19,35233
2024-05-21,20,34435
2024-05-21,21,32590
2024-05-21,22,30099
2024-05-21,23,27607
2024-05-22,0,26082
2024-05-22,1,24681
2024-05-22,2,23749
2024-05-22,3,23259
2024-05-22,4,23434
2024-05-22,5,24585
2024-05-22,6,26726
2024-05-22,7,28436
2024-05-22,8,29521
2024-05-22,9,30438
2024-05-22,10,31542
2024-05-22,11,32996
2024-05-22,12,34624
2024-05-22,13,36457
2024-05-22,14,38318
2024-05-22,15,40102
2024-05-22,16,41754
2024-05-22,17,42540
2024-05-22,18,42106
2024-05-22,19,40828
2024-05-22,20,39226
2024-05-22,21,36921
2024-05-22,22,33952
2024-05-22,23,30974
2024-05-23,0,28834
2024-05-23,1,27302
2024-05-23,2,26255
2024-05-23,3,25720
2024-05-23,4,25764
2024-05-23,5,26997
2024-05-23,6,29198
2024-05-23,7,30878
2024-05-23,8,32095
2024-05-23,9,33257
2024-05-23,10,34080
2024-05-23,11,35044
2024-05-23,12,36016
2024-05-23,13,36975
2024-05-23,14,37770
2024-05-23,15,38375
2024-05-23,16,38817
2024-05-23,17,39036
2024-05-23,18,38560
2024-05-23,19,37709
2024-05-23,20,36580
2024-05-23,21,34901
2024-05-23,22,32284
2024-05-23,23,29794
2024-05-24,0,28073
2024-05-24,1,26601
2024-05-24,2,25613
2024-05-24,3,25032
2024-05-24,4,24970
2024-05-24,5,26060
2024-05-24,6,28107
2024-05-24,7,29631
2024-05-24,8,30605
2024-05-24,9,31489
2024-05-24,10,32565
2024-05-24,11,33707
2024-05-24,12,34906
2024-05-24,13,36155
2024-05-24,14,37440
2024-05-24,15,38600
2024-05-24,16,39444
2024-05-24,17,39781
2024-05-24,18,38931
2024-05-24,19,37857
2024-05-24,20,36635
2024-05-24,21,34853
2024-05-24,22,32413
2024-05-24,23,29936
2024-05-25,0,27285
2024-05-25,1,25766
2024-05-25,2,24589
2024-05-25,3,23818
2024-05-25,4,23389
2024-05-25,5,23610
2024-05-25,6,24240
2024-05-25,7,25400
2024-05-25,8,26753
2024-05-25,9,28293
2024-05-25,10,29740
2024-05-25,11,31140
2024-05-25,12,32495
2024-05-25,13,33894
2024-05-25,14,35214
2024-05-25,15,36554
2024-05-25,16,37768
2024-05-25,17,38429
2024-05-25,18,37528
2024-05-25,19,36315
2024-05-25,20,35286
2024-05-25,21,33509
2024-05-25,22,31228
2024-05-25,23,28864
2024-05-26,0,27120
2024-05-26,1,25627
2024-05-26,2,24527
2024-05-26,3,23741
2024-05-26,4,23394
2024-05-26,5,23408
2024-05-26,6,23806
2024-05-26,7,24630
2024-05-26,8,26083
2024-05-26,9,27694
2024-05-26,10,29242
2024-05-26,11,30826
2024-05-26,12,32419
2024-05-26,13,33742
2024-05-26,14,35206
2024-05-26,15,36623
2024-05-26,16,37870
2024-05-26,17,38586
2024-05-26,18,38196
2024-05-26,19,37160
2024-05-26,20,35967
2024-05-26,21,34312
2024-05-26,22,32257
2024-05-26,23,29825
2024-05-27,0,27553
2024-05-27,1,26022
2024-05-27,2,24891
2024-05-27,3,24088
2024-05-27,4,23860
2024-05-27,5,23786
2024-05-27,6,24200
2024-05-27,7,24943
2024-05-27,8,26197
2024-05-27,9,27478
2024-05-27,10,28742
2024-05-27,11,29568
2024-05-27,12,30263
2024-05-27,13,30892
2024-05-27,14,31478
2024-05-27,15,32362
2024-05-27,16,33169
2024-05-27,17,33795
2024-05-27,18,33816
2024-05-27,19,33578
2024-05-27,20,33095
2024-05-27,21,31841
2024-05-27,22,29680
2024-05-27,23,27504
2024-05-28,0,25654
2024-05-28,1,24385
2024-05-28,2,23647
2024-05-28,3,23263
2024-05-28,4,23459
2024-05-28,5,24584
2024-05-28,6,26892
2024-05-28,7,28426
2024-05-28,8,29366
2024-05-28,9,29936
2024-05-28,10,30578
2024-05-28,11,31216
2024-05-28,12,31835
2024-05-28,13,32684
2024-05-28,14,33489
2024-05-28,15,34357
2024-05-28,16,35343
2024-05-28,17,35928
2024-05-28,18,35509
2024-05-28,19,34571
2024-05-28,20,33772
2024-05-28,21,32459
2024-05-28,22,30233
2024-05-28,23,27667
2024-05-29,0,25378
2024-05-29,1,24051
2024-05-29,2,23179
2024-05-29,3,22768
2024-05-29,4,23018
2024-05-29,5,24186
2024-05-29,6,26410
2024-05-29,7,27920
2024-05-29,8,28498
2024-05-29,9,28885
2024-05-29,10,29257
2024-05-29,11,29804
2024-05-29,12,30341
2024-05-29,13,30934
2024-05-29,14,31560
2024-05-29,15,32289
2024-05-29,16,33166
2024-05-29,17,33650
2024-05-29,18,33289
2024-05-29,19,32704
2024-05-29,20,31840
2024-05-29,21,30626
2024-05-29,22,28375
2024-05-29,23,25937
2024-05-30,0,23960
2024-05-30,1,22852
2024-05-30,2,22123
2024-05-30,3,21805
2024-05-30,4,22154
2024-05-30,5,23486
2024-05-30,6,25426
2024-05-30,7,26951
2024-05-30,8,27461
2024-05-30,9,27601
2024-05-30,10,27679
2024-05-30,11,27904
2024-05-30,12,28137
2024-05-30,13,28547
2024-05-30,14,28851
2024-05-30,15,29396
2024-05-30,16,30246
2024-05-30,17,30895
2024-05-30,18,30995
2024-05-30,19,30592
2024-05-30,20,30144
2024-05-30,21,29089
2024-05-30,22,27085
2024-05-30,23,25006
2024-05-31,0,23206
2024-05-31,1,22129
2024-05-31,2,21450
2024-05-31,3,21160
2024-05-31,4,21446
2024-05-31,5,22518
2024-05-31,6,24320
2024-05-31,7,25796
2024-05-31,8,26393
2024-05-31,9,26582
2024-05-31,10,26772
2024-05-31,11,26944
2024-05-31,12,27129
2024-05-31,13,27496
2024-05-31,14,27844
2024-05-31,15,28478
2024-05-31,16,29394
2024-05-31,17,29924
2024-05-31,18,29841
2024-05-31,19,29357
2024-05-31,20,28976
2024-05-31,21,28184
2024-05-31,22,26458
2024-05-31,23,24516
2024-06-01,0,22844
2024-06-01,1,21724
2024-06-01,2,20996
2024-06-01,3,20557
2024-06-01,4,20484
2024-06-01,5,20752
2024-06-01,6,21279
2024-06-01,7,22146
2024-06-01,8,23186
2024-06-01,9,24082
2024-06-01,10,24855
2024-06-01,11,25576
2024-06-01,12,26251
2024-06-01,13,27004
2024-06-01,14,28080
2024-06-01,15,29338
2024-06-01,16,30712
2024-06-01,17,31715
2024-06-01,18,31624
2024-06-01,19,31024
2024-06-01,20,30338
2024-06-01,21,29476
2024-06-01,22,27622
2024-06-01,23,25620
2024-06-02,0,23942
2024-06-02,1,22679
2024-06-02,2,21820
2024-06-02,3,21228
2024-06-02,4,21043
2024-06-02,5,21084
2024-06-02,6,21376
2024-06-02,7,22204
2024-06-02,8,23423
2024-06-02,9,24610
2024-06-02,10,25738
2024-06-02,11,26901
2024-06-02,12,28001
2024-06-02,13,29034
2024-06-02,14,30091
2024-06-02,15,31349
2024-06-02,16,32690
2024-06-02,17,33818
2024-06-02,18,33998
2024-06-02,19,33316
2024-06-02,20,32359
2024-06-02,21,31237
2024-06-02,22,29223
2024-06-02,23,26983
2024-06-03,0,25602
2024-06-03,1,24253
2024-06-03,2,23468
2024-06-03,3,23066
2024-06-03,4,23476
2024-06-03,5,24609
2024-06-03,6,26582
2024-06-03,7,28508
2024-06-03,8,29786
2024-06-03,9,30686
2024-06-03,10,31959
2024-06-03,11,33060
2024-06-03,12,34189
2024-06-03,13,35416
2024-06-03,14,36507
2024-06-03,15,37642
2024-06-03,16,39039
2024-06-03,17,39623
2024-06-03,18,39141
2024-06-03,19,38083
2024-06-03,20,36680
2024-06-03,21,34931
2024-06-03,22,32465
2024-06-03,23,29623
2024-06-04,0,28803
2024-06-04,1,27107
2024-06-04,2,25981
2024-06-04,3,25377
2024-06-04,4,25421
2024-06-04,5,26470
2024-06-04,6,28431
2024-06-04,7,30430
2024-06-04,8,31753
2024-06-04,9,32579
2024-06-04,10,33892
2024-06-04,11,35528
2024-06-04,12,36824
2024-06-04,13,38269
2024-06-04,14,39715
2024-06-04,15,40914
2024-06-04,16,41973
2024-06-04,17,42117
2024-06-04,18,41549
2024-06-04,19,39915
2024-06-04,20,38165
2024-06-04,21,36012
2024-06-04,22,33396
2024-06-04,23,30657
2024-06-05,0,28508
2024-06-05,1,27067
2024-06-05,2,25851
2024-06-05,3,25234
2024-06-05,4,25396
2024-06-05,5,26444
2024-06-05,6,28571
2024-06-05,7,30336
2024-06-05,8,31520
2024-06-05,9,32379
2024-06-05,10,33426
2024-06-05,11,34658
2024-06-05,12,35805
2024-06-05,13,37165
2024-06-05,14,38189
2024-06-05,15,39147
2024-06-05,16,39960
2024-06-05,17,40109
2024-06-05,18,39496
2024-06-05,19,38386
2024-06-05,20,37201
2024-06-05,21,35439
2024-06-05,22,32811
2024-06-05,23,30052
2024-06-06,0,29084
2024-06-06,1,27629
2024-06-06,2,26637
2024-06-06,3,26178
2024-06-06,4,26519
2024-06-06,5,27805
2024-06-06,6,30127
2024-06-06,7,32054
2024-06-06,8,33477
2024-06-06,9,34381
2024-06-06,10,35532
2024-06-06,11,36550
2024-06-06,12,37641
2024-06-06,13,38672
2024-06-06,14,39723
2024-06-06,15,40718
2024-06-06,16,41790
2024-06-06,17,42256
2024-06-06,18,41446
2024-06-06,19,39985
2024-06-06,20,38569
2024-06-06,21,36989
2024-06-06,22,34672
2024-06-06,23,31796
2024-06-07,0,29353
2024-06-07,1,27658
2024-06-07,2,26571
2024-06-07,3,25945
2024-06-07,4,25936
2024-06-07,5,26846
2024-06-07,6,28772
2024-06-07,7,30265
2024-06-07,8,31365
2024-06-07,9,32275
2024-06-07,10,33356
2024-06-07,11,34317
2024-06-07,12,35248
2024-06-07,13,36161
2024-06-07,14,36902
2024-06-07,15,37600
2024-06-07,16,38247
2024-06-07,17,38141
2024-06-07,18,37238
2024-06-07,19,36109
2024-06-07,20,34826
2024-06-07,21,33321
2024-06-07,22,31109
2024-06-07,23,28715
2024-06-08,0,26728
2024-06-08,1,25151
2024-06-08,2,23997
2024-06-08,3,23289
2024-06-08,4,22891
2024-06-08,5,23029
2024-06-08,6,23463
2024-06-08,7,24375
2024-06-08,8,25635
2024-06-08,9,26869
2024-06-08,10,27698
2024-06-08,11,28669
2024-06-08,12,29550
2024-06-08,13,30389
2024-06-08,14,31410
2024-06-08,15,32675
2024-06-08,16,34034
2024-06-08,17,35063
2024-06-08,18,35137
2024-06-08,19,34291
2024-06-08,20,33148
2024-06-08,21,31860
2024-06-08,22,29848
2024-06-08,23,27583
2024-06-09,0,25719
2024-06-09,1,24252
2024-06-09,2,23231
2024-06-09,3,22514
2024-06-09,4,22242
2024-06-09,5,22206
2024-06-09,6,22478
2024-06-09,7,23314
2024-06-09,8,24672
2024-06-09,9,26024
2024-06-09,10,27371
2024-06-09,11,28672
2024-06-09,12,29789
2024-06-09,13,30836
2024-06-09,14,31911
2024-06-09,15,33111
2024-06-09,16,34106
2024-06-09,17,35027
2024-06-09,18,35111
2024-06-09,19,34447
2024-06-09,20,33629
2024-06-09,21,32463
2024-06-09,22,30154
2024-06-09,23,27839
2024-06-10,0,25269
2024-06-10,1,23838
2024-06-10,2,22999
2024-06-10,3,22566
2024-06-10,4,22773
2024-06-10,5,23899
2024-06-10,6,25852
2024-06-10,7,27789
2024-06-10,8,28475
2024-06-10,9,28782
2024-06-10,10,29211
2024-06-10,11,29728
2024-06-10,12,30168
2024-06-10,13,30779
2024-06-10,14,31383
2024-06-10,15,32189
2024-06-10,16,33338
2024-06-10,17,34143
2024-06-10,18,33991
2024-06-10,19,33407
2024-06-10,20,32333
2024-06-10,21,31103
2024-06-10,22,28742
2024-06-10,23,26289
2024-06-11,0,24878
2024-06-11,1,23525
2024-06-11,2,22720
2024-06-11,3,22286
2024-06-11,4,22571
2024-06-11,5,23604
2024-06-11,6,25550
2024-06-11,7,27233
2024-06-11,8,28158
2024-06-11,9,28790
2024-06-11,10,29246
2024-06-11,11,29733
2024-06-11,12,30287
2024-06-11,13,30994
2024-06-11,14,31702
2024-06-11,15,32602
2024-06-11,16,33527
2024-06-11,17,34398
2024-06-11,18,34274
2024-06-11,19,33630
2024-06-11,20,32529
2024-06-11,21,31317
2024-06-11,22,29038
2024-06-11,23,26650
2024-06-12,0,24646
2024-06-12,1,23371
2024-06-12,2,22547
2024-06-12,3,22164
2024-06-12,4,22394
2024-06-12,5,23415
2024-06-12,6,25262
2024-06-12,7,26979
2024-06-12,8,28058
2024-06-12,9,28835
2024-06-12,10,29721
2024-06-12,11,30778
2024-06-12,12,31888
2024-06-12,13,32992
2024-06-12,14,34059
2024-06-12,15,35374
2024-06-12,16,36557
2024-06-12,17,37402
2024-06-12,18,37298
2024-06-12,19,36424
2024-06-12,20,35445
2024-06-12,21,33971
2024-06-12,22,31288
2024-06-12,23,28551
2024-06-13,0,27297
2024-06-13,1,25727
2024-06-13,2,24549
2024-06-13,3,23970
2024-06-13,4,24020
2024-06-13,5,25053
2024-06-13,6,26706
2024-06-13,7,28933
2024-06-13,8,30871
2024-06-13,9,32296
2024-06-13,10,33886
2024-06-13,11,35718
2024-06-13,12,37667
2024-06-13,13,39368
2024-06-13,14,40986
2024-06-13,15,42496
2024-06-13,16,43589
2024-06-13,17,44482
2024-06-13,18,43970
2024-06-13,19,42210
2024-06-13,20,40452
2024-06-13,21,38822
2024-06-13,22,36057
2024-06-13,23,32775
2024-06-14,0,29829
2024-06-14,1,28084
2024-06-14,2,26800
2024-06-14,3,26039
2024-06-14,4,25994
2024-06-14,5,26773
2024-06-14,6,28457
2024-06-14,7,30342
2024-06-14,8,32366
2024-06-14,9,34249
2024-06-14,10,36488
2024-06-14,11,38678
2024-06-14,12,40702
2024-06-14,13,42630
2024-06-14,14,44271
2024-06-14,15,45504
2024-06-14,16,45956
2024-06-14,17,45631
2024-06-14,18,43987
2024-06-14,19,41766
2024-06-14,20,39830
2024-06-14,21,37977
2024-06-14,22,34961
2024-06-14,23,31895
2024-06-15,0,28948
2024-06-15,1,26974
2024-06-15,2,25671
2024-06-15,3,24742
2024-06-15,4,24144
2024-06-15,5,24116
2024-06-15,6,24542
2024-06-15,7,25523
2024-06-15,8,26998
2024-06-15,9,28554
2024-06-15,10,29837
2024-06-15,11,30953
2024-06-15,12,32191
2024-06-15,13,33180
2024-06-15,14,34274
2024-06-15,15,35318
2024-06-15,16,36405
2024-06-15,17,37071
2024-06-15,18,36815
2024-06-15,19,35662
2024-06-15,20,34544
2024-06-15,21,33017
2024-06-15,22,30845
2024-06-15,23,28526
2024-06-16,0,25690
2024-06-16,1,24206
2024-06-16,2,23102
2024-06-16,3,22349
2024-06-16,4,21970
2024-06-16,5,21892
2024-06-16,6,22114
2024-06-16,7,22992
2024-06-16,8,24409
2024-06-16,9,25842
2024-06-16,10,27225
2024-06-16,11,28672
2024-06-16,12,29994
2024-06-16,13,31374
2024-06-16,14,32822
2024-06-16,15,34492
2024-06-16,16,35930
2024-06-16,17,37125
2024-06-16,18,37197
2024-06-16,19,36316
2024-06-16,20,35035
2024-06-16,21,33811
2024-06-16,22,31436
2024-06-16,23,28690
2024-06-17,0,26946
2024-06-17,1,25478
2024-06-17,2,24550
2024-06-17,3,24064
2024-06-17,4,24270
2024-06-17,5,25395
2024-06-17,6,27238
2024-06-17,7,29462
2024-06-17,8,31125
2024-06-17,9,32658
2024-06-17,10,34746
2024-06-17,11,36701
2024-06-17,12,38703
2024-06-17,13,40848
2024-06-17,14,42974
2024-06-17,15,45089
2024-06-17,16,46667
2024-06-17,17,47584
2024-06-17,18,47026
2024-06-17,19,45276
2024-06-17,20,43262
2024-06-17,21,41110
2024-06-17,22,37952
2024-06-17,23,34528
2024-06-18,0,31713
2024-06-18,1,29721
2024-06-18,2,28397
2024-06-18,3,27601
2024-06-18,4,27656
2024-06-18,5,28588
2024-06-18,6,30369
2024-06-18,7,32614
2024-06-18,8,35201
2024-06-18,9,37644
2024-06-18,10,40126
2024-06-18,11,42442
2024-06-18,12,44926
2024-06-18,13,47028
2024-06-18,14,48733
2024-06-18,15,49860
2024-06-18,16,50714
2024-06-18,17,51061
2024-06-18,18,49987
2024-06-18,19,47767
2024-06-18,20,45526
2024-06-18,21,43116
2024-06-18,22,39562
2024-06-18,23,36174
2024-06-19,0,33085
2024-06-19,1,30914
2024-06-19,2,29444
2024-06-19,3,28516
2024-06-19,4,28340
2024-06-19,5,29077
2024-06-19,6,30623
2024-06-19,7,32808
2024-06-19,8,34787
2024-06-19,9,36945
2024-06-19,10,38924
2024-06-19,11,40929
2024-06-19,12,42880
2024-06-19,13,44674
2024-06-19,14,46262
2024-06-19,15,47770
2024-06-19,16,48820
2024-06-19,17,49065
2024-06-19,18,48123
2024-06-19,19,46301
2024-06-19,20,44261
2024-06-19,21,42211
2024-06-19,22,39330
2024-06-19,23,35543
2024-06-20,0,32928
2024-06-20,1,31006
2024-06-20,2,29421
2024-06-20,3,28499
2024-06-20,4,28329
2024-06-20,5,29263
2024-06-20,6,30805
2024-06-20,7,32759
2024-06-20,8,34995
2024-06-20,9,37250
2024-06-20,10,39542
2024-06-20,11,42015
2024-06-20,12,44302
2024-06-20,13,46704
2024-06-20,14,48611
2024-06-20,15,49920
2024-06-20,16,50643
2024-06-20,17,50949
2024-06-20,18,50346
2024-06-20,19,48457
2024-06-20,20,46250
2024-06-20,21,44126
2024-06-20,22,40508
2024-06-20,23,36967
2024-06-21,0,34318
2024-06-21,1,32230
2024-06-21,2,30732
2024-06-21,3,29831
2024-06-21,4,29724
2024-06-21,5,30319
2024-06-21,6,31980
2024-06-21,7,34410
2024-06-21,8,36883
2024-06-21,9,39474
2024-06-21,10,42075
2024-06-21,11,44727
2024-06-21,12,47092
2024-06-21,13,49395
2024-06-21,14,51311
2024-06-21,15,52539
2024-06-21,16,53214
2024-06-21,17,53129
2024-06-21,18,52044
2024-06-21,19,49991
2024-06-21,20,47943
2024-06-21,21,45850
2024-06-21,22,42627
2024-06-21,23,39225
2024-06-22,0,36354
2024-06-22,1,34086
2024-06-22,2,32333
2024-06-22,3,31151
2024-06-22,4,30437
2024-06-22,5,30224
2024-06-22,6,30544
2024-06-22,7,32342
2024-06-22,8,35587
2024-06-22,9,39265
2024-06-22,10,42377
2024-06-22,11,45067
2024-06-22,12,47448
2024-06-22,13,49395
2024-06-22,14,50824
2024-06-22,15,52012
2024-06-22,16,52473
2024-06-22,17,52554
2024-06-22,18,51867
2024-06-22,19,50366
2024-06-22,20,48465
2024-06-22,21,46208
2024-06-22,22,43171
2024-06-22,23,39883
2024-06-23,0,37779
2024-06-23,1,35733
2024-06-23,2,34062
2024-06-23,3,32817
2024-06-23,4,31887
2024-06-23,5,31458
2024-06-23,6,31496
2024-06-23,7,32963
2024-06-23,8,36070
2024-06-23,9,40010
2024-06-23,10,43257
2024-06-23,11,46499
2024-06-23,12,48996
2024-06-23,13,50922
2024-06-23,14,52232
2024-06-23,15,52905
2024-06-23,16,53144
2024-06-23,17,53339
2024-06-23,18,52762
2024-06-23,19,51373
2024-06-23,20,48959
2024-06-23,21,46728
2024-06-23,22,43332
2024-06-23,23,40165
2024-06-24,0,36505
2024-06-24,1,34399
2024-06-24,2,32961
2024-06-24,3,32119
2024-06-24,4,31879
2024-06-24,5,32876
2024-06-24,6,34610
2024-06-24,7,36527
2024-06-24,8,38257
2024-06-24,9,39911
2024-06-24,10,41188
2024-06-24,11,42748
2024-06-24,12,44074
2024-06-24,13,45228
2024-06-24,14,46125
2024-06-24,15,46652
2024-06-24,16,46269
2024-06-24,17,46245
2024-06-24,18,45617
2024-06-24,19,44469
2024-06-24,20,43017
2024-06-24,21,41025
2024-06-24,22,37874
2024-06-24,23,34766
2024-06-25,0,31460
2024-06-25,1,29659
2024-06-25,2,28402
2024-06-25,3,27630
2024-06-25,4,27172
2024-06-25,5,27943
2024-06-25,6,29646
2024-06-25,7,31817
2024-06-25,8,33772
2024-06-25,9,35781
2024-06-25,10,37546
2024-06-25,11,39717
2024-06-25,12,41819
2024-06-25,13,43894
2024-06-25,14,45720
2024-06-25,15,47382
2024-06-25,16,48204
2024-06-25,17,48808
2024-06-25,18,48317
2024-06-25,19,46705
2024-06-25,20,44756
2024-06-25,21,42512
2024-06-25,22,39617
2024-06-25,23,36625
2024-06-26,0,32662
2024-06-26,1,30639
2024-06-26,2,29259
2024-06-26,3,28557
2024-06-26,4,28591
2024-06-26,5,29287
2024-06-26,6,31101
2024-06-26,7,33654
2024-06-26,8,36218
2024-06-26,9,38776
2024-06-26,10,41512
2024-06-26,11,44240
2024-06-26,12,46645
2024-06-26,13,48820
2024-06-26,14,50582
2024-06-26,15,51713
2024-06-26,16,52274
2024-06-26,17,51855
2024-06-26,18,50330
2024-06-26,19,48449
2024-06-26,20,46059
2024-06-26,21,43662
2024-06-26,22,40250
2024-06-26,23,36680
2024-06-27,0,34263
2024-06-27,1,32174
2024-06-27,2,30629
2024-06-27,3,29706
2024-06-27,4,29361
2024-06-27,5,30074
2024-06-27,6,31702
2024-06-27,7,33800
2024-06-27,8,35407
2024-06-27,9,37008
2024-06-27,10,38451
2024-06-27,11,40062
2024-06-27,12,41525
2024-06-27,13,42927
2024-06-27,14,44068
2024-06-27,15,45108
2024-06-27,16,45736
2024-06-27,17,46058
2024-06-27,18,45376
2024-06-27,19,43963
2024-06-27,20,42437
2024-06-27,21,40731
2024-06-27,22,37727
2024-06-27,23,34651
2024-06-28,0,29311
2024-06-28,1,27473
2024-06-28,2,26058
2024-06-28,3,25347
2024-06-28,4,25261
2024-06-28,5,25995
2024-06-28,6,27577
2024-06-28,7,29356
2024-06-28,8,30794
2024-06-28,9,31848
2024-06-28,10,33047
2024-06-28,11,34265
2024-06-28,12,35365
2024-06-28,13,36518
2024-06-28,14,37690
2024-06-28,15,38871
2024-06-28,16,39836
2024-06-28,17,40185
2024-06-28,18,39564
2024-06-28,19,38197
2024-06-28,20,36675
2024-06-28,21,35260
2024-06-28,22,32973
2024-06-28,23,30310
2024-06-29,4,24549
2024-06-29,5,24436
2024-06-29,6,24568
2024-06-29,7,25649
2024-06-29,8,27914
2024-06-29,9,30071
2024-06-29,10,32473
2024-06-29,11,34528
2024-06-29,12,36127
2024-06-29,13,37645
2024-06-29,14,39089
2024-06-29,15,40322
2024-06-29,16,41653
2024-06-29,17,42602
2024-06-29,18,42442
2024-06-29,19,41089
2024-06-29,20,39218
2024-06-29,21,38007
2024-06-29,22,36085
2024-06-29,23,33432
2024-06-30,0,32266
2024-06-30,1,30478
2024-06-30,2,28992
2024-06-30,3,28050
2024-06-30,4,27798
2024-06-30,5,27519
2024-06-30,6,27671
2024-06-30,7,29248
2024-06-30,8,31887
2024-06-30,9,34455
2024-06-30,10,36966
2024-06-30,11,39288
2024-06-30,12,41346
2024-06-30,13,42708
2024-06-30,14,43729
2024-06-30,15,44715
2024-06-30,16,45509
2024-06-30,17,45828
2024-06-30,18,45254
2024-06-30,19,43650
2024-06-30,20,41822
2024-06-30,21,40278
2024-06-30,22,37483
2024-06-30,23,34759
2024-07-01,0,30817
2024-07-01,1,28746
2024-07-01,2,27401
2024-07-01,3,26523
2024-07-01,4,26129
2024-07-01,5,26823
2024-07-01,6,28298
2024-07-01,7,29696
2024-07-01,8,30307
2024-07-01,9,30710
2024-07-01,10,31083
2024-07-01,11,31596
2024-07-01,12,32157
2024-07-01,13,32937
2024-07-01,14,33803
2024-07-01,15,34960
2024-07-01,16,36521
2024-07-01,17,37708
2024-07-01,18,37681
2024-07-01,19,36724
2024-07-01,20,35602
2024-07-01,21,34197
2024-07-01,22,31653
2024-07-01,23,28831
